repo,issue_pr_number,kind,title,expected_family,status,missing_condition,reasoning,strong_signal,paper_link,gold_confirmation,post_fix_commit,pre_fix_commit,candidate_paper,candidate_claim
google-research/albert,276,ISSUE,Load in Browser Tensorflow,C5,REJECTED_NONSCIENTIFIC,B,no strong protocol/evaluation signal (ordinary software issue or feature request),False,False,False,,,,
google-research/albert,275,PR,Made README.md more Readable,C5,REJECTED_NONSCIENTIFIC,B,no strong protocol/evaluation signal (ordinary software issue or feature request),False,True,False,,,table,
google-research/albert,274,PR,Replace deprecated `tf.contrib.data.map_and_batch(...)` with `tf.data.,C5,REJECTED_NONSCIENTIFIC,B,no strong protocol/evaluation signal (ordinary software issue or feature request),False,False,False,,,,
google-research/albert,272,PR,Bump tensorflow from 1.15.2 to 2.11.1,C5,REJECTED_NO_RECOVERABLE_PREFIX,D,gold confirmation present but pre-fix state not recoverable from §2 corpus (needs commit fetch),True,True,True,,,table,cherry
google-research/albert,271,PR,Bump tensorflow from 1.15.2 to 2.9.3,C5,REJECTED_NONSCIENTIFIC,B,no strong protocol/evaluation signal (ordinary software issue or feature request),False,False,False,,,,
google-research/albert,270,ISSUE,Improvement to how the `app` and `pages` files conflict is shown. Espe,C5,REJECTED_NONSCIENTIFIC,B,no strong protocol/evaluation signal (ordinary software issue or feature request),False,False,False,,,,
google-research/albert,269,ISSUE,The results can't be reproduced,C5,REJECTED_NO_GOLD_CONFIRMATION,C,"protocol + paper, but no merged corrective PR / erratum / author confirmation recoverable",True,True,False,,,reproduce,reproduc
google-research/albert,268,PR,tokenization: log spm usage only in debug mode to avoid console spammi,C5,REJECTED_NONSCIENTIFIC,B,no strong protocol/evaluation signal (ordinary software issue or feature request),False,False,False,,,,
google-research/albert,267,ISSUE,Wrong evaluate result on Squad2.0,C5,REJECTED_NO_GOLD_CONFIRMATION,C,"protocol + paper, but no merged corrective PR / erratum / author confirmation recoverable",True,True,False,,,figure,subset
google-research/albert,266,ISSUE,Difference between v1 and v2 for xxlarge,C5,REJECTED_NONSCIENTIFIC,B,no strong protocol/evaluation signal (ordinary software issue or feature request),False,True,False,,,paper,
google-research/albert,265,PR,Bump tensorflow from 1.15.2 to 2.7.2,C5,REJECTED_NONSCIENTIFIC,B,no strong protocol/evaluation signal (ordinary software issue or feature request),False,False,False,,,,
google-research/albert,263,PR,Bump tensorflow from 1.15.2 to 2.6.4,C5,REJECTED_NONSCIENTIFIC,B,no strong protocol/evaluation signal (ordinary software issue or feature request),False,False,False,,,,
google-research/albert,260,ISSUE,How to get the test embeddings from output of fine-tuned model (tutori,C5,REJECTED_NONSCIENTIFIC,B,no strong protocol/evaluation signal (ordinary software issue or feature request),False,False,False,,,,
google-research/albert,259,ISSUE,Prediction Fails on default Colab,C5,REJECTED_NONSCIENTIFIC,B,no strong protocol/evaluation signal (ordinary software issue or feature request),False,False,False,,,,
google-research/albert,258,PR,Bump tensorflow from 1.15.2 to 2.5.3,C5,REJECTED_NO_PAPER_LINK,A,protocol-relevant but no formal-paper link in a research-impl repo,True,False,False,,,,leak cherry
google-research/albert,257,ISSUE,Default Tutorial Not Working - Can't download MRPC data,C5,REJECTED_NONSCIENTIFIC,B,no strong protocol/evaluation signal (ordinary software issue or feature request),False,False,False,,,,
google-research/albert,256,ISSUE,Probable error on line 306 in `create_pretraining_data.py` for albert,C5,REJECTED_NONSCIENTIFIC,B,no strong protocol/evaluation signal (ordinary software issue or feature request),False,False,False,,,,
google-research/albert,252,PR,Minor bug fix,C5,REJECTED_NONSCIENTIFIC,B,no strong protocol/evaluation signal (ordinary software issue or feature request),False,False,False,,,,
google-research/albert,249,ISSUE,Discrepancy in tokenization results using albert's tokenizer and sente,C5,REJECTED_NO_PAPER_LINK,A,protocol-relevant but no formal-paper link in a research-impl repo,True,False,False,,,,discrepan
google-research/albert,247,ISSUE,Wrong pieces for control symbols after loading SentencepieceProcessor ,C5,REJECTED_NONSCIENTIFIC,B,no strong protocol/evaluation signal (ordinary software issue or feature request),False,True,False,,,doi,
google-research/albert,246,PR,Bump tensorflow from 1.15.2 to 2.5.1,C5,REJECTED_NO_PAPER_LINK,A,protocol-relevant but no formal-paper link in a research-impl repo,True,False,True,,,,cherry
google-research/albert,245,PR,Bump tensorflow from 1.15.2 to 2.4.0,C5,REJECTED_NO_RECOVERABLE_PREFIX,D,gold confirmation present but pre-fix state not recoverable from §2 corpus (needs commit fetch),True,True,True,,,table,leak
google-research/albert,243,ISSUE,albert base fine-tuned on squad2.0 gets stuck in loop when predicting ,C5,REJECTED_NONSCIENTIFIC,B,no strong protocol/evaluation signal (ordinary software issue or feature request),False,True,False,,,doi,
google-research/albert,242,ISSUE,The exact English pretraining data and Chinese pretraining data that a,C5,REJECTED_NONSCIENTIFIC,B,no strong protocol/evaluation signal (ordinary software issue or feature request),False,True,False,,,paper,
google-research/albert,241,ISSUE,torch.nn.modules.module.ModuleAttributeError: 'AlbertEmbeddings' objec,C5,REJECTED_NONSCIENTIFIC,B,no strong protocol/evaluation signal (ordinary software issue or feature request),False,False,False,,,,
google-research/albert,240,ISSUE,The output of the features of a given text  consists of two tensor.  A,C5,REJECTED_NONSCIENTIFIC,B,no strong protocol/evaluation signal (ordinary software issue or feature request),False,True,False,,,figure,
google-research/albert,239,ISSUE,train albert on custom dataset,C5,REJECTED_NONSCIENTIFIC,B,no strong protocol/evaluation signal (ordinary software issue or feature request),False,False,False,,,,
google-research/albert,236,PR,Bump tensorflow from 1.15.2 to 2.3.1,C5,REJECTED_NO_RECOVERABLE_PREFIX,D,gold confirmation present but pre-fix state not recoverable from §2 corpus (needs commit fetch),True,True,True,,,table,leak
google-research/albert,235,ISSUE,Could you provide the training hyper paras ,C5,REJECTED_NONSCIENTIFIC,B,no strong protocol/evaluation signal (ordinary software issue or feature request),False,False,False,,,,
google-research/albert,234,ISSUE,[Implementation] Sentence order prediction (SOP) label for a single-ch,C5,REJECTED_NONSCIENTIFIC,B,no strong protocol/evaluation signal (ordinary software issue or feature request),False,True,False,,,paper; table,
google-research/albert,232,ISSUE,ValueError: Expected input batch_size (864) to match target batch_size,C5,REJECTED_NONSCIENTIFIC,B,no strong protocol/evaluation signal (ordinary software issue or feature request),False,True,False,,,figure,
google-research/albert,231,PR,Bump tensorflow from 1.15.2 to 1.15.4,C5,REJECTED_NO_PAPER_LINK,A,protocol-relevant but no formal-paper link in a research-impl repo,True,False,True,,,,leak
google-research/albert,230,ISSUE,[Problem/ Squad V2] the result is too low compare with the F1 score in,C5,REJECTED_NONSCIENTIFIC,B,no strong protocol/evaluation signal (ordinary software issue or feature request),False,True,False,,,paper,
google-research/albert,229,ISSUE,Can ALBERT's parameter sharing concept be used in image-GPT paper impl,C5,REJECTED_NONSCIENTIFIC,B,no strong protocol/evaluation signal (ordinary software issue or feature request),False,True,False,,,paper,
google-research/albert,227,ISSUE,Error creating and exporting TFLite after fine-tuning (using run_squad,C5,REJECTED_NONSCIENTIFIC,B,no strong protocol/evaluation signal (ordinary software issue or feature request),False,False,False,,,,
google-research/albert,226,ISSUE,is it support fine tuning with tf2.x?,C5,REJECTED_NONSCIENTIFIC,B,no strong protocol/evaluation signal (ordinary software issue or feature request),False,False,False,,,,
google-research/albert,225,ISSUE,Albert-base-v2 training data,C5,REJECTED_NONSCIENTIFIC,B,no strong protocol/evaluation signal (ordinary software issue or feature request),False,False,False,,,,
google-research/albert,224,ISSUE,tensorflow.python.framework.errors_impl.NotFoundError: Restoring from ,C5,REJECTED_NONSCIENTIFIC,B,no strong protocol/evaluation signal (ordinary software issue or feature request),False,False,False,,,,
google-research/albert,223,PR,ensure str for the case of bytes type.,C5,REJECTED_NONSCIENTIFIC,B,no strong protocol/evaluation signal (ordinary software issue or feature request),False,False,False,,,,
google-research/albert,222,PR,Add the ability to bake threshold into the exported SavedModel.,C5,REJECTED_NONSCIENTIFIC,B,no strong protocol/evaluation signal (ordinary software issue or feature request),False,False,False,,,,
google-research/albert,221,ISSUE,TypeError: '<' not supported between instances of 'int' and 'NoneType',C5,REJECTED_NONSCIENTIFIC,B,no strong protocol/evaluation signal (ordinary software issue or feature request),False,False,False,,,,
google-research/albert,220,ISSUE,why running run_squad_v2.py in prediction mode with dev-v2.0.json gets,C5,REJECTED_NONSCIENTIFIC,B,no strong protocol/evaluation signal (ordinary software issue or feature request),False,False,False,,,,
google-research/albert,218,ISSUE,Is it possible to load pretrained model's checkpoint and pretrain othe,C5,REJECTED_NONSCIENTIFIC,B,no strong protocol/evaluation signal (ordinary software issue or feature request),False,False,False,,,,
google-research/albert,217,ISSUE,"invalid load key, '\x12'",C5,REJECTED_NONSCIENTIFIC,B,no strong protocol/evaluation signal (ordinary software issue or feature request),False,False,False,,,,
google-research/albert,216,ISSUE,How to prepare for the environment/data for fine-tuning? ,C5,REJECTED_NONSCIENTIFIC,B,no strong protocol/evaluation signal (ordinary software issue or feature request),False,False,False,,,,
google-research/albert,214,ISSUE,use custom vocab.txt,C5,REJECTED_NONSCIENTIFIC,B,no strong protocol/evaluation signal (ordinary software issue or feature request),False,False,False,,,,
google-research/albert,212,ISSUE,how to do inference for SQuAD style QA task using ALBERT?,C5,REJECTED_NONSCIENTIFIC,B,no strong protocol/evaluation signal (ordinary software issue or feature request),False,False,False,,,,
google-research/albert,210,ISSUE,Where is the function of Factorized Embedding Parameterization?,C5,REJECTED_NONSCIENTIFIC,B,no strong protocol/evaluation signal (ordinary software issue or feature request),False,True,False,,,paper; table,
google-research/albert,209,PR,fix the attention mask description error and a cola evaluation calcula,C5,REJECTED_NONSCIENTIFIC,B,no strong protocol/evaluation signal (ordinary software issue or feature request),False,False,False,,,,
google-research/albert,208,ISSUE,Description problem of attention_mask.,C5,REJECTED_NONSCIENTIFIC,B,no strong protocol/evaluation signal (ordinary software issue or feature request),False,False,False,,,,
google-research/albert,207,ISSUE,model isn't learning ,C5,REJECTED_NONSCIENTIFIC,B,no strong protocol/evaluation signal (ordinary software issue or feature request),False,False,False,,,,
google-research/albert,206,ISSUE,different parameter position with api doc,C5,REJECTED_NONSCIENTIFIC,B,no strong protocol/evaluation signal (ordinary software issue or feature request),False,False,False,,,,
google-research/albert,205,ISSUE,get Matthew_corr = 0 in eval on CoLA ,C5,REJECTED_NONSCIENTIFIC,B,no strong protocol/evaluation signal (ordinary software issue or feature request),False,False,False,,,,
google-research/albert,203,PR,Modify default value of the max_seq_length at the stage of fine-tuning,C5,REJECTED_NONSCIENTIFIC,B,no strong protocol/evaluation signal (ordinary software issue or feature request),False,False,False,,,,
google-research/albert,202,ISSUE,Training without SOP Loss,C5,REJECTED_NONSCIENTIFIC,B,no strong protocol/evaluation signal (ordinary software issue or feature request),False,True,False,,,doi,
google-research/albert,201,ISSUE,ValueError: Signature 'serving_default' is missing from meta graph.,C5,REJECTED_NONSCIENTIFIC,B,no strong protocol/evaluation signal (ordinary software issue or feature request),False,False,False,,,,
google-research/albert,200,ISSUE,[question] Cross-layer parameter sharing,C5,REJECTED_NONSCIENTIFIC,B,no strong protocol/evaluation signal (ordinary software issue or feature request),False,False,False,,,,
google-research/albert,199,ISSUE,ModuleNotFoundError: No module named 'albert',C5,REJECTED_NONSCIENTIFIC,B,no strong protocol/evaluation signal (ordinary software issue or feature request),False,False,False,,,,
google-research/albert,198,ISSUE,ALBERT-xxlarge V2 training on TPU V3-512 extremely slow,C5,REJECTED_NO_GOLD_CONFIRMATION,C,"protocol + paper, but no merged corrective PR / erratum / author confirmation recoverable",True,True,False,,,paper; reproduce,reproduc
google-research/albert,196,ISSUE,"tokenization.py - WordpieceTokenizer uses ""##"", but Sentencepiece voca",C5,REJECTED_NONSCIENTIFIC,B,no strong protocol/evaluation signal (ordinary software issue or feature request),False,False,False,,,,
google-research/albert,195,PR,Fix instructions on running spm_train.,C5,REJECTED_NONSCIENTIFIC,B,no strong protocol/evaluation signal (ordinary software issue or feature request),False,False,False,,,,
google-research/albert,194,ISSUE,GPU not used when fine-tuning on SQuAD 2.0,C5,REJECTED_NONSCIENTIFIC,B,no strong protocol/evaluation signal (ordinary software issue or feature request),False,False,False,,,,
google-research/albert,192,PR,fix an error on the max_seq_length. Here we should set it to 512 inste,C5,REJECTED_NONSCIENTIFIC,B,no strong protocol/evaluation signal (ordinary software issue or feature request),False,False,False,,,,
google-research/albert,191,PR,ALBERT GLUE fine-tuning colab tutorial.,C5,REJECTED_NONSCIENTIFIC,B,no strong protocol/evaluation signal (ordinary software issue or feature request),False,False,False,,,,
google-research/albert,189,ISSUE,run_pretraining.py doesn't read all input files while training on desk,C5,REJECTED_NONSCIENTIFIC,B,no strong protocol/evaluation signal (ordinary software issue or feature request),False,False,False,,,,
google-research/albert,188,ISSUE,TPU training problem,C5,REJECTED_NONSCIENTIFIC,B,no strong protocol/evaluation signal (ordinary software issue or feature request),False,False,False,,,,
google-research/albert,187,PR,remove an info log from the tokenzier as it flushes the screen,C5,REJECTED_NONSCIENTIFIC,B,no strong protocol/evaluation signal (ordinary software issue or feature request),False,False,False,,,,
google-research/albert,186,PR,Fix error experiments on RACE because of no all.txt,C5,REJECTED_NONSCIENTIFIC,B,no strong protocol/evaluation signal (ordinary software issue or feature request),False,False,False,,,,
google-research/albert,185,PR,Fix running experiments on RACE (no all.txt),C5,REJECTED_NONSCIENTIFIC,B,no strong protocol/evaluation signal (ordinary software issue or feature request),False,False,False,,,,
google-research/albert,183,PR,remove validate_case_matches_checkpoint from the finetuning scripts,C5,REJECTED_NONSCIENTIFIC,B,no strong protocol/evaluation signal (ordinary software issue or feature request),False,False,False,,,,
google-research/albert,180,ISSUE,Wrong configuration of albert xlarge,C5,REJECTED_NONSCIENTIFIC,B,no strong protocol/evaluation signal (ordinary software issue or feature request),False,False,False,,,,
google-research/albert,179,ISSUE,Pretraining iterations_per_loop and batch_size,C5,REJECTED_NONSCIENTIFIC,B,no strong protocol/evaluation signal (ordinary software issue or feature request),False,False,False,,,,
google-research/albert,177,ISSUE,Uneven sampling if number of tfrecords > cycle_length,C5,REJECTED_NO_GOLD_CONFIRMATION,C,"protocol + paper, but no merged corrective PR / erratum / author confirmation recoverable",True,True,False,,,figure; reproduce,reproduc
google-research/albert,275,PR,Made README.md more Readable,C5,REJECTED_NONSCIENTIFIC,B,no strong protocol/evaluation signal (ordinary software issue or feature request),False,True,False,,,table,
google-research/albert,274,PR,Replace deprecated `tf.contrib.data.map_and_batch(...)` with `tf.data.,C5,REJECTED_NONSCIENTIFIC,B,no strong protocol/evaluation signal (ordinary software issue or feature request),False,False,False,,,,
google-research/albert,272,PR,Bump tensorflow from 1.15.2 to 2.11.1,C5,REJECTED_NO_RECOVERABLE_PREFIX,D,gold confirmation present but pre-fix state not recoverable from §2 corpus (needs commit fetch),True,True,True,,,table,cherry
google-research/albert,271,PR,Bump tensorflow from 1.15.2 to 2.9.3,C5,REJECTED_NONSCIENTIFIC,B,no strong protocol/evaluation signal (ordinary software issue or feature request),False,False,False,,,,
google-research/albert,268,PR,tokenization: log spm usage only in debug mode to avoid console spammi,C5,REJECTED_NONSCIENTIFIC,B,no strong protocol/evaluation signal (ordinary software issue or feature request),False,False,False,,,,
google-research/albert,265,PR,Bump tensorflow from 1.15.2 to 2.7.2,C5,REJECTED_NONSCIENTIFIC,B,no strong protocol/evaluation signal (ordinary software issue or feature request),False,False,False,,,,
google-research/albert,263,PR,Bump tensorflow from 1.15.2 to 2.6.4,C5,REJECTED_NONSCIENTIFIC,B,no strong protocol/evaluation signal (ordinary software issue or feature request),False,False,False,,,,
google-research/albert,258,PR,Bump tensorflow from 1.15.2 to 2.5.3,C5,REJECTED_NO_PAPER_LINK,A,protocol-relevant but no formal-paper link in a research-impl repo,True,False,False,,,,leak cherry
google-research/albert,252,PR,Minor bug fix,C5,REJECTED_NONSCIENTIFIC,B,no strong protocol/evaluation signal (ordinary software issue or feature request),False,False,False,,,,
google-research/albert,246,PR,Bump tensorflow from 1.15.2 to 2.5.1,C5,REJECTED_NO_PAPER_LINK,A,protocol-relevant but no formal-paper link in a research-impl repo,True,False,True,,,,cherry
google-research/albert,245,PR,Bump tensorflow from 1.15.2 to 2.4.0,C5,REJECTED_NO_RECOVERABLE_PREFIX,D,gold confirmation present but pre-fix state not recoverable from §2 corpus (needs commit fetch),True,True,True,,,table,leak
google-research/albert,236,PR,Bump tensorflow from 1.15.2 to 2.3.1,C5,REJECTED_NO_RECOVERABLE_PREFIX,D,gold confirmation present but pre-fix state not recoverable from §2 corpus (needs commit fetch),True,True,True,,,table,leak
google-research/albert,231,PR,Bump tensorflow from 1.15.2 to 1.15.4,C5,REJECTED_NO_PAPER_LINK,A,protocol-relevant but no formal-paper link in a research-impl repo,True,False,True,,,,leak
google-research/albert,223,PR,ensure str for the case of bytes type.,C5,REJECTED_NONSCIENTIFIC,B,no strong protocol/evaluation signal (ordinary software issue or feature request),False,False,False,,,,
google-research/albert,222,PR,Add the ability to bake threshold into the exported SavedModel.,C5,REJECTED_NONSCIENTIFIC,B,no strong protocol/evaluation signal (ordinary software issue or feature request),False,False,False,,,,
google-research/albert,209,PR,fix the attention mask description error and a cola evaluation calcula,C5,REJECTED_NONSCIENTIFIC,B,no strong protocol/evaluation signal (ordinary software issue or feature request),False,False,False,,,,
google-research/albert,203,PR,Modify default value of the max_seq_length at the stage of fine-tuning,C5,REJECTED_NONSCIENTIFIC,B,no strong protocol/evaluation signal (ordinary software issue or feature request),False,False,False,,,,
google-research/albert,195,PR,Fix instructions on running spm_train.,C5,REJECTED_NONSCIENTIFIC,B,no strong protocol/evaluation signal (ordinary software issue or feature request),False,False,False,,,,
google-research/albert,192,PR,fix an error on the max_seq_length. Here we should set it to 512 inste,C5,REJECTED_NONSCIENTIFIC,B,no strong protocol/evaluation signal (ordinary software issue or feature request),False,False,False,,,,
google-research/albert,191,PR,ALBERT GLUE fine-tuning colab tutorial.,C5,REJECTED_NONSCIENTIFIC,B,no strong protocol/evaluation signal (ordinary software issue or feature request),False,False,False,,,,
google-research/albert,187,PR,remove an info log from the tokenzier as it flushes the screen,C5,REJECTED_NONSCIENTIFIC,B,no strong protocol/evaluation signal (ordinary software issue or feature request),False,False,False,,,,
google-research/albert,186,PR,Fix error experiments on RACE because of no all.txt,C5,REJECTED_NONSCIENTIFIC,B,no strong protocol/evaluation signal (ordinary software issue or feature request),False,False,False,,,,
google-research/albert,185,PR,Fix running experiments on RACE (no all.txt),C5,REJECTED_NONSCIENTIFIC,B,no strong protocol/evaluation signal (ordinary software issue or feature request),False,False,False,,,,
google-research/albert,183,PR,remove validate_case_matches_checkpoint from the finetuning scripts,C5,REJECTED_NONSCIENTIFIC,B,no strong protocol/evaluation signal (ordinary software issue or feature request),False,False,False,,,,
google-research/albert,176,PR,Add option to create_optimizer for colocate_gradients_with_ops,C5,REJECTED_NONSCIENTIFIC,B,no strong protocol/evaluation signal (ordinary software issue or feature request),False,False,False,,,,
google-research/albert,163,PR,create_pretraining_data with multiple files ,C5,REJECTED_NONSCIENTIFIC,B,no strong protocol/evaluation signal (ordinary software issue or feature request),False,False,False,,,,
google-research/albert,160,PR,Support ALBERT squad_v1 for tflite.,C5,REJECTED_NONSCIENTIFIC,B,no strong protocol/evaluation signal (ordinary software issue or feature request),False,False,False,,,,
google-research/albert,157,PR,Integration test.,C5,REJECTED_NONSCIENTIFIC,B,no strong protocol/evaluation signal (ordinary software issue or feature request),False,False,False,,,,
google-research/albert,148,PR,More flag validation and documentation,C5,REJECTED_NONSCIENTIFIC,B,no strong protocol/evaluation signal (ordinary software issue or feature request),False,False,False,,,,
google-research/albert,147,PR,"Explicitly replace ""import tensorflow"" with ""tensorflow.compat.v1"" for",C5,REJECTED_NONSCIENTIFIC,B,no strong protocol/evaluation signal (ordinary software issue or feature request),False,False,False,,,,
google-research/albert,143,PR,Fix date in the last update.,C5,REJECTED_NONSCIENTIFIC,B,no strong protocol/evaluation signal (ordinary software issue or feature request),False,False,False,,,,
google-research/albert,139,PR,Bump tensorflow from 1.15 to 1.15.2,C5,REJECTED_NO_RECOVERABLE_PREFIX,D,gold confirmation present but pre-fix state not recoverable from §2 corpus (needs commit fetch),True,True,True,,,table; figure,reproduc
google-research/albert,134,PR,Fix the error in invoking preprocess_text(),C5,REJECTED_NONSCIENTIFIC,B,no strong protocol/evaluation signal (ordinary software issue or feature request),False,False,False,,,,
google-research/albert,124,PR,Happy new year!,C5,REJECTED_NONSCIENTIFIC,B,no strong protocol/evaluation signal (ordinary software issue or feature request),False,False,False,,,,
google-research/albert,121,PR,Fix run_glue.sh script evaluation. See #120,C5,REJECTED_NONSCIENTIFIC,B,no strong protocol/evaluation signal (ordinary software issue or feature request),False,False,True,,,,
google-research/albert,118,PR,Update tokenization.py,C5,REJECTED_NONSCIENTIFIC,B,no strong protocol/evaluation signal (ordinary software issue or feature request),False,False,False,,,,
google-research/albert,109,PR,Add a note to the readme about the fixed v2 TF-Hub modules.,C5,REJECTED_NONSCIENTIFIC,B,no strong protocol/evaluation signal (ordinary software issue or feature request),False,False,False,,,,
google-research/albert,69,PR,Support for TF-Hub in fine-tuning scripts,C5,REJECTED_NONSCIENTIFIC,B,no strong protocol/evaluation signal (ordinary software issue or feature request),False,False,False,,,,
google-research/albert,48,PR,run_glue.sh script and documentation improvements,C5,REJECTED_NONSCIENTIFIC,B,no strong protocol/evaluation signal (ordinary software issue or feature request),False,False,False,,,,
google-research/albert,46,PR,Preventing estimator from deleting checkpoints,C5,REJECTED_NONSCIENTIFIC,B,no strong protocol/evaluation signal (ordinary software issue or feature request),False,False,False,,,,
google-research/albert,41,PR,Fix comments in requirements.txt,C5,REJECTED_NONSCIENTIFIC,B,no strong protocol/evaluation signal (ordinary software issue or feature request),False,False,False,,,,
google-research/albert,38,PR,Optimize how best checkpoint is preserved during evaluation. Instead o,C5,REJECTED_NONSCIENTIFIC,B,no strong protocol/evaluation signal (ordinary software issue or feature request),False,False,False,,,,
google-research/albert,33,PR,fix import error,C5,REJECTED_NONSCIENTIFIC,B,no strong protocol/evaluation signal (ordinary software issue or feature request),False,False,False,,,,
google-research/albert,32,PR,google_type_annotations not found error,C5,REJECTED_NONSCIENTIFIC,B,no strong protocol/evaluation signal (ordinary software issue or feature request),False,False,False,,,,
google-research/albert,26,PR,add support to ALBERT finetuning on SQUAD tasks with early stopping,C5,REJECTED_NO_PAPER_LINK,A,protocol-relevant but no formal-paper link in a research-impl repo,True,False,False,,,,early stop
google-research/albert,16,PR,Fix typo in README,C5,REJECTED_NONSCIENTIFIC,B,no strong protocol/evaluation signal (ordinary software issue or feature request),False,False,False,,,,
google-research/albert,12,PR,Correction at line 398,C5,REJECTED_NONSCIENTIFIC,B,no strong protocol/evaluation signal (ordinary software issue or feature request),False,False,True,,,,
google-research/albert,1,PR,Small comment on the integration test script.,C5,REJECTED_NONSCIENTIFIC,B,no strong protocol/evaluation signal (ordinary software issue or feature request),False,False,False,,,,
WongKinYiu/yolov7,2152,PR,Fix #2145: fix: add missing .sigmoid() in SigmoidBin inference path,C5,REJECTED_NONSCIENTIFIC,B,no strong protocol/evaluation signal (ordinary software issue or feature request),False,False,False,,,,
WongKinYiu/yolov7,2150,PR,"feat(seg): DLA ONNX export, SPPCSPC_DLA, checker, and docs",C5,REJECTED_NONSCIENTIFIC,B,no strong protocol/evaluation signal (ordinary software issue or feature request),False,False,False,,,,
WongKinYiu/yolov7,2147,PR,fix: OTA target scaling uses height for both dimensions,C5,REJECTED_NONSCIENTIFIC,B,no strong protocol/evaluation signal (ordinary software issue or feature request),False,False,False,,,,
WongKinYiu/yolov7,2146,PR,fix: remove hardcoded cuda:0 in OTA loss for multi-GPU support,C5,REJECTED_NONSCIENTIFIC,B,no strong protocol/evaluation signal (ordinary software issue or feature request),False,False,False,,,,
WongKinYiu/yolov7,2145,PR,fix: add missing .sigmoid() in SigmoidBin inference path,C5,REJECTED_NONSCIENTIFIC,B,no strong protocol/evaluation signal (ordinary software issue or feature request),False,False,False,,,,
WongKinYiu/yolov7,2143,ISSUE,"Trying to install pygame but get the messages below: ""Getting requirem",C5,REJECTED_NONSCIENTIFIC,B,no strong protocol/evaluation signal (ordinary software issue or feature request),False,False,False,,,,
WongKinYiu/yolov7,2141,PR,Bugfix: Device alocation under loss when training yolov7-w6,C5,REJECTED_NONSCIENTIFIC,B,no strong protocol/evaluation signal (ordinary software issue or feature request),False,False,False,,,,
WongKinYiu/yolov7,2138,ISSUE,ONNX export for single-class YOLOv7: confidences not normalized (Friga,C5,REJECTED_NONSCIENTIFIC,B,no strong protocol/evaluation signal (ordinary software issue or feature request),False,False,False,,,,
WongKinYiu/yolov7,2136,PR,fixed utils to handle pytorch > 2.6 which changed to default block un…,C5,REJECTED_NONSCIENTIFIC,B,no strong protocol/evaluation signal (ordinary software issue or feature request),False,False,False,,,,
WongKinYiu/yolov7,2134,ISSUE,How to decode output results from EfficientNMS_TRT,C5,REJECTED_NONSCIENTIFIC,B,no strong protocol/evaluation signal (ordinary software issue or feature request),False,False,False,,,,
WongKinYiu/yolov7,2133,ISSUE,test.py logs zero labels in test set when no predictions are successfu,C5,REJECTED_NO_PAPER_LINK,A,protocol-relevant but no formal-paper link in a research-impl repo,True,False,False,,,,test set
WongKinYiu/yolov7,2131,ISSUE,Clarification on GPLv3 License When Using Quantized YOLOv7 Weights Wit,C5,REJECTED_NONSCIENTIFIC,B,no strong protocol/evaluation signal (ordinary software issue or feature request),False,False,False,,,,
WongKinYiu/yolov7,2128,ISSUE,File runs\train\switch\weights\last.pt cannot be opened.,C5,REJECTED_NONSCIENTIFIC,B,no strong protocol/evaluation signal (ordinary software issue or feature request),False,False,False,,,,
WongKinYiu/yolov7,2125,ISSUE,"mAP, detect.py/ test.py  Inconsistency in number of images,labels,grou",C5,REJECTED_NONSCIENTIFIC,B,no strong protocol/evaluation signal (ordinary software issue or feature request),False,False,False,,,,
WongKinYiu/yolov7,2124,ISSUE,mAP different between YOLO and COCO,C5,REJECTED_NONSCIENTIFIC,B,no strong protocol/evaluation signal (ordinary software issue or feature request),False,False,False,,,,
WongKinYiu/yolov7,2120,ISSUE,YOLOV7,C5,REJECTED_NONSCIENTIFIC,B,no strong protocol/evaluation signal (ordinary software issue or feature request),False,False,False,,,,
WongKinYiu/yolov7,2119,ISSUE,WeightsUnpickler error in segment/predict.py,C5,REJECTED_NONSCIENTIFIC,B,no strong protocol/evaluation signal (ordinary software issue or feature request),False,False,False,,,,
WongKinYiu/yolov7,2118,PR,fix:touch load required weight only false,C5,REJECTED_NONSCIENTIFIC,B,no strong protocol/evaluation signal (ordinary software issue or feature request),False,False,False,,,,
WongKinYiu/yolov7,2117,PR,fix: torch.load requires weights_only,C5,REJECTED_NONSCIENTIFIC,B,no strong protocol/evaluation signal (ordinary software issue or feature request),False,False,False,,,,
WongKinYiu/yolov7,2115,PR,Fix for torch 2.6,C5,REJECTED_NONSCIENTIFIC,B,no strong protocol/evaluation signal (ordinary software issue or feature request),False,False,False,,,,
WongKinYiu/yolov7,2113,ISSUE,YOLOv7-Seg报错AttributeError:  list  object has no attribute  shape,C5,REJECTED_NONSCIENTIFIC,B,no strong protocol/evaluation signal (ordinary software issue or feature request),False,False,False,,,,
WongKinYiu/yolov7,2112,ISSUE,Incremental Learning Coco Dataset,C5,REJECTED_NONSCIENTIFIC,B,no strong protocol/evaluation signal (ordinary software issue or feature request),False,False,False,,,,
WongKinYiu/yolov7,2108,PR,Fixed import path issue in experimental.py,C5,REJECTED_NONSCIENTIFIC,B,no strong protocol/evaluation signal (ordinary software issue or feature request),False,False,False,,,,
WongKinYiu/yolov7,2104,ISSUE, How to train a mask on my own processed dataset?,C5,REJECTED_NONSCIENTIFIC,B,no strong protocol/evaluation signal (ordinary software issue or feature request),False,False,False,,,,
WongKinYiu/yolov7,2103,ISSUE,为什么u7 的seg任务，使用coco8-seg数据集训练，在训练时所有loss都是NaN,C5,REJECTED_NONSCIENTIFIC,B,no strong protocol/evaluation signal (ordinary software issue or feature request),False,False,False,,,,
WongKinYiu/yolov7,2100,ISSUE,Statistic validation results,C5,REJECTED_NONSCIENTIFIC,B,no strong protocol/evaluation signal (ordinary software issue or feature request),False,False,False,,,,
WongKinYiu/yolov7,2099,ISSUE,trained model export to trt error,C5,REJECTED_NONSCIENTIFIC,B,no strong protocol/evaluation signal (ordinary software issue or feature request),False,False,False,,,,
WongKinYiu/yolov7,2098,ISSUE,How should I interpret the Precision curve? ,C5,REJECTED_NONSCIENTIFIC,B,no strong protocol/evaluation signal (ordinary software issue or feature request),False,False,False,,,,
WongKinYiu/yolov7,2095,ISSUE,to coco,C5,REJECTED_NONSCIENTIFIC,B,no strong protocol/evaluation signal (ordinary software issue or feature request),False,False,False,,,,
WongKinYiu/yolov7,2092,ISSUE,Question about ELAN,C5,REJECTED_NONSCIENTIFIC,B,no strong protocol/evaluation signal (ordinary software issue or feature request),False,False,False,,,,
WongKinYiu/yolov7,2091,ISSUE,Dynamic Image size ONNX conversion,C5,REJECTED_NONSCIENTIFIC,B,no strong protocol/evaluation signal (ordinary software issue or feature request),False,False,False,,,,
WongKinYiu/yolov7,2085,ISSUE,Do all the bits of the image used for learning have to be the same?,C5,REJECTED_NONSCIENTIFIC,B,no strong protocol/evaluation signal (ordinary software issue or feature request),False,False,False,,,,
WongKinYiu/yolov7,2084,ISSUE,pytorch AdamW instead of Adam,C5,REJECTED_NONSCIENTIFIC,B,no strong protocol/evaluation signal (ordinary software issue or feature request),False,False,False,,,,
WongKinYiu/yolov7,2083,ISSUE,Train Yolov7 with non square images without padding and resizing,C5,REJECTED_NONSCIENTIFIC,B,no strong protocol/evaluation signal (ordinary software issue or feature request),False,False,False,,,,
WongKinYiu/yolov7,2081,PR,fixed the plot.py and dataloader.py files,C5,REJECTED_NONSCIENTIFIC,B,no strong protocol/evaluation signal (ordinary software issue or feature request),False,False,False,,,,
WongKinYiu/yolov7,2080,PR,Fixed np.int issue in u7 branch and under the seg/utils/dataloader.py,C5,REJECTED_NONSCIENTIFIC,B,no strong protocol/evaluation signal (ordinary software issue or feature request),False,False,False,,,,
WongKinYiu/yolov7,2076,ISSUE,paper,C5,REJECTED_NONSCIENTIFIC,B,no strong protocol/evaluation signal (ordinary software issue or feature request),False,False,False,,,,
WongKinYiu/yolov7,2075,ISSUE,No Detection of images even after training 1200 images with 100 epochs,C5,REJECTED_NONSCIENTIFIC,B,no strong protocol/evaluation signal (ordinary software issue or feature request),False,False,False,,,,
WongKinYiu/yolov7,2074,ISSUE,No Detection of images even after training 1200 images with 100 epochs,C5,REJECTED_NONSCIENTIFIC,B,no strong protocol/evaluation signal (ordinary software issue or feature request),False,False,False,,,,
WongKinYiu/yolov7,2070,PR,fix: don't download file if already exists,C5,REJECTED_NONSCIENTIFIC,B,no strong protocol/evaluation signal (ordinary software issue or feature request),False,False,False,,,,
WongKinYiu/yolov7,2065,ISSUE,clearml.backend_api.session.defs.MissingConfigError: It seems ClearML ,C5,REJECTED_NONSCIENTIFIC,B,no strong protocol/evaluation signal (ordinary software issue or feature request),False,False,False,,,,
WongKinYiu/yolov7,2064,ISSUE,During the tranining dataloader problem ,C5,REJECTED_NONSCIENTIFIC,B,no strong protocol/evaluation signal (ordinary software issue or feature request),False,False,False,,,,
WongKinYiu/yolov7,2063,ISSUE,Explaining this model with grad-CAM,C5,REJECTED_NONSCIENTIFIC,B,no strong protocol/evaluation signal (ordinary software issue or feature request),False,False,False,,,,
WongKinYiu/yolov7,2062,ISSUE,"Using the train_aux.py training script, single gpu training fails, but",C5,REJECTED_NONSCIENTIFIC,B,no strong protocol/evaluation signal (ordinary software issue or feature request),False,False,False,,,,
WongKinYiu/yolov7,2061,ISSUE,Memory Leak with PyTorch 2.3.1 and torchvision 0.18.1,C5,REJECTED_NO_PAPER_LINK,A,protocol-relevant but no formal-paper link in a research-impl repo,True,False,False,,,,leak
WongKinYiu/yolov7,2059,ISSUE,What exactly does image size do in test.py and detect.py?,C5,REJECTED_NONSCIENTIFIC,B,no strong protocol/evaluation signal (ordinary software issue or feature request),False,False,False,,,,
WongKinYiu/yolov7,2058,ISSUE,Problem wher run learning on 32 batch-size,C5,REJECTED_NONSCIENTIFIC,B,no strong protocol/evaluation signal (ordinary software issue or feature request),False,False,False,,,,
WongKinYiu/yolov7,2057,ISSUE,onnx non end2end,C5,REJECTED_NONSCIENTIFIC,B,no strong protocol/evaluation signal (ordinary software issue or feature request),False,False,False,,,,
WongKinYiu/yolov7,2152,PR,Fix #2145: fix: add missing .sigmoid() in SigmoidBin inference path,C5,REJECTED_NONSCIENTIFIC,B,no strong protocol/evaluation signal (ordinary software issue or feature request),False,False,False,,,,
WongKinYiu/yolov7,2150,PR,"feat(seg): DLA ONNX export, SPPCSPC_DLA, checker, and docs",C5,REJECTED_NONSCIENTIFIC,B,no strong protocol/evaluation signal (ordinary software issue or feature request),False,False,False,,,,
WongKinYiu/yolov7,2147,PR,fix: OTA target scaling uses height for both dimensions,C5,REJECTED_NONSCIENTIFIC,B,no strong protocol/evaluation signal (ordinary software issue or feature request),False,False,False,,,,
WongKinYiu/yolov7,2146,PR,fix: remove hardcoded cuda:0 in OTA loss for multi-GPU support,C5,REJECTED_NONSCIENTIFIC,B,no strong protocol/evaluation signal (ordinary software issue or feature request),False,False,False,,,,
WongKinYiu/yolov7,2145,PR,fix: add missing .sigmoid() in SigmoidBin inference path,C5,REJECTED_NONSCIENTIFIC,B,no strong protocol/evaluation signal (ordinary software issue or feature request),False,False,False,,,,
WongKinYiu/yolov7,2141,PR,Bugfix: Device alocation under loss when training yolov7-w6,C5,REJECTED_NONSCIENTIFIC,B,no strong protocol/evaluation signal (ordinary software issue or feature request),False,False,False,,,,
WongKinYiu/yolov7,2136,PR,fixed utils to handle pytorch > 2.6 which changed to default block un…,C5,REJECTED_NONSCIENTIFIC,B,no strong protocol/evaluation signal (ordinary software issue or feature request),False,False,False,,,,
WongKinYiu/yolov7,2118,PR,fix:touch load required weight only false,C5,REJECTED_NONSCIENTIFIC,B,no strong protocol/evaluation signal (ordinary software issue or feature request),False,False,False,,,,
WongKinYiu/yolov7,2117,PR,fix: torch.load requires weights_only,C5,REJECTED_NONSCIENTIFIC,B,no strong protocol/evaluation signal (ordinary software issue or feature request),False,False,False,,,,
WongKinYiu/yolov7,2115,PR,Fix for torch 2.6,C5,REJECTED_NONSCIENTIFIC,B,no strong protocol/evaluation signal (ordinary software issue or feature request),False,False,False,,,,
WongKinYiu/yolov7,2108,PR,Fixed import path issue in experimental.py,C5,REJECTED_NONSCIENTIFIC,B,no strong protocol/evaluation signal (ordinary software issue or feature request),False,False,False,,,,
WongKinYiu/yolov7,2081,PR,fixed the plot.py and dataloader.py files,C5,REJECTED_NONSCIENTIFIC,B,no strong protocol/evaluation signal (ordinary software issue or feature request),False,False,False,,,,
WongKinYiu/yolov7,2080,PR,Fixed np.int issue in u7 branch and under the seg/utils/dataloader.py,C5,REJECTED_NONSCIENTIFIC,B,no strong protocol/evaluation signal (ordinary software issue or feature request),False,False,False,,,,
WongKinYiu/yolov7,2070,PR,fix: don't download file if already exists,C5,REJECTED_NONSCIENTIFIC,B,no strong protocol/evaluation signal (ordinary software issue or feature request),False,False,False,,,,
WongKinYiu/yolov7,2029,PR,Avoid massive memory leak,C5,REJECTED_NO_PAPER_LINK,A,protocol-relevant but no formal-paper link in a research-impl repo,True,False,False,,,,leak
WongKinYiu/yolov7,2027,PR,Hotfix/missing yaml files,C5,REJECTED_NONSCIENTIFIC,B,no strong protocol/evaluation signal (ordinary software issue or feature request),False,False,False,,,,
WongKinYiu/yolov7,2019,PR,Fix quantized rtm inference,C5,REJECTED_NONSCIENTIFIC,B,no strong protocol/evaluation signal (ordinary software issue or feature request),False,False,False,,,,
WongKinYiu/yolov7,2008,PR,Sahilbirje4551 patch deprication fix for segmentation tasks,C5,REJECTED_NONSCIENTIFIC,B,no strong protocol/evaluation signal (ordinary software issue or feature request),False,False,False,,,,
WongKinYiu/yolov7,1968,PR,Add support for TFLite INT8 detection export,C5,REJECTED_NONSCIENTIFIC,B,no strong protocol/evaluation signal (ordinary software issue or feature request),False,False,False,,,,
WongKinYiu/yolov7,1939,PR,Add overlap threshold,C5,REJECTED_NONSCIENTIFIC,B,no strong protocol/evaluation signal (ordinary software issue or feature request),False,False,False,,,,
WongKinYiu/yolov7,1928,PR,Fix error when image mixup hyperparam is non-zero for instance segment,C5,REJECTED_NONSCIENTIFIC,B,no strong protocol/evaluation signal (ordinary software issue or feature request),False,False,False,,,,
WongKinYiu/yolov7,1925,PR,Nms flags broken,C5,REJECTED_NONSCIENTIFIC,B,no strong protocol/evaluation signal (ordinary software issue or feature request),False,False,False,,,,
WongKinYiu/yolov7,1919,PR,use .mlpackage format,C5,REJECTED_NONSCIENTIFIC,B,no strong protocol/evaluation signal (ordinary software issue or feature request),False,False,False,,,,
WongKinYiu/yolov7,1914,PR,Demo fix,C5,REJECTED_NONSCIENTIFIC,B,no strong protocol/evaluation signal (ordinary software issue or feature request),False,False,False,,,,
WongKinYiu/yolov7,1908,PR,fix bugs,C5,REJECTED_NONSCIENTIFIC,B,no strong protocol/evaluation signal (ordinary software issue or feature request),False,False,False,,,,
WongKinYiu/yolov7,1887,PR,oatmeal configs,C5,REJECTED_NONSCIENTIFIC,B,no strong protocol/evaluation signal (ordinary software issue or feature request),False,False,False,,,,
WongKinYiu/yolov7,1872,PR,fix numerical stability issues in half-precision,C5,REJECTED_NONSCIENTIFIC,B,no strong protocol/evaluation signal (ordinary software issue or feature request),False,False,False,,,,
WongKinYiu/yolov7,1858,PR,Fixed indices device bug for W6 models (train_aux.py),C5,REJECTED_NONSCIENTIFIC,B,no strong protocol/evaluation signal (ordinary software issue or feature request),False,False,False,,,,
WongKinYiu/yolov7,1795,PR,Bugfix,C5,REJECTED_NONSCIENTIFIC,B,no strong protocol/evaluation signal (ordinary software issue or feature request),False,False,False,,,,
WongKinYiu/yolov7,1724,PR, coco.yaml,C5,REJECTED_NONSCIENTIFIC,B,no strong protocol/evaluation signal (ordinary software issue or feature request),False,False,False,,,,
WongKinYiu/yolov7,1718,PR,107,C5,REJECTED_NONSCIENTIFIC,B,no strong protocol/evaluation signal (ordinary software issue or feature request),False,False,False,,,,
WongKinYiu/yolov7,1698,PR,fix for multiple bugs in evolve operation mentioned in issue 1611,C5,REJECTED_NONSCIENTIFIC,B,no strong protocol/evaluation signal (ordinary software issue or feature request),False,False,False,,,,
WongKinYiu/yolov7,1683,PR,Mlflow intergration,C5,REJECTED_NONSCIENTIFIC,B,no strong protocol/evaluation signal (ordinary software issue or feature request),False,False,False,,,,
WongKinYiu/yolov7,1662,PR,94,C5,REJECTED_NONSCIENTIFIC,B,no strong protocol/evaluation signal (ordinary software issue or feature request),False,False,False,,,,
WongKinYiu/yolov7,1643,PR,Feature/for custom,C5,REJECTED_NONSCIENTIFIC,B,no strong protocol/evaluation signal (ordinary software issue or feature request),False,False,False,,,,
WongKinYiu/yolov7,1613,PR,Correctly pass NMS conf and IoU thresholds to TensorRT NMS Plugin,C5,REJECTED_NONSCIENTIFIC,B,no strong protocol/evaluation signal (ordinary software issue or feature request),False,False,False,,,,
WongKinYiu/yolov7,1594,PR,Update keypoint.ipynb,C5,REJECTED_NONSCIENTIFIC,B,no strong protocol/evaluation signal (ordinary software issue or feature request),False,False,False,,,,
WongKinYiu/yolov7,1565,PR,fix #1418 ,C5,REJECTED_NONSCIENTIFIC,B,no strong protocol/evaluation signal (ordinary software issue or feature request),False,False,False,,,,
WongKinYiu/yolov7,1522,PR,Fix: Endpoint error,C5,REJECTED_NONSCIENTIFIC,B,no strong protocol/evaluation signal (ordinary software issue or feature request),False,False,False,,,,
WongKinYiu/yolov7,1505,PR,U7: feature map visualisation ,C5,REJECTED_NO_PAPER_LINK,A,protocol-relevant but no formal-paper link in a research-impl repo,True,False,False,,,,leak flip
facebookresearch/deit,241,ISSUE,Will you be releasing the accuracy of the official deit III framework ,C5,REJECTED_NONSCIENTIFIC,B,no strong protocol/evaluation signal (ordinary software issue or feature request),False,True,False,,,table,
facebookresearch/deit,240,ISSUE,Gradient accumulation code,C5,REJECTED_NONSCIENTIFIC,B,no strong protocol/evaluation signal (ordinary software issue or feature request),False,True,False,,,paper; doi,
facebookresearch/deit,239,ISSUE,Question about different seeds per gpu with DDP,C5,REJECTED_NONSCIENTIFIC,B,no strong protocol/evaluation signal (ordinary software issue or feature request),False,False,False,,,,
facebookresearch/deit,237,ISSUE,Inclusion of Transformers Need Registers,C5,REJECTED_NONSCIENTIFIC,B,no strong protocol/evaluation signal (ordinary software issue or feature request),False,True,False,,,paper; arxiv,
facebookresearch/deit,236,ISSUE,random.seed(seed) in line 205 is commented,C5,REJECTED_NONSCIENTIFIC,B,no strong protocol/evaluation signal (ordinary software issue or feature request),False,False,False,,,,
facebookresearch/deit,234,ISSUE,Slow Training,C5,REJECTED_NO_GOLD_CONFIRMATION,C,"protocol + paper, but no merged corrective PR / erratum / author confirmation recoverable",True,True,False,,,paper; reproduce,reproduc
facebookresearch/deit,233,ISSUE,ViT-B Training for DeiT,C5,REJECTED_NO_GOLD_CONFIRMATION,C,"protocol + paper, but no merged corrective PR / erratum / author confirmation recoverable",True,True,False,,,reproduce,reproduc
facebookresearch/deit,232,ISSUE,Checkpoints of IN21K pretrained deit III,C5,REJECTED_NONSCIENTIFIC,B,no strong protocol/evaluation signal (ordinary software issue or feature request),False,False,False,,,,
facebookresearch/deit,231,ISSUE,Hi，Why can't I find deit_tiny_distilled_patch16_224 in hubconf,C5,REJECTED_NO_PAPER_LINK,A,protocol-relevant but no formal-paper link in a research-impl repo,True,False,False,,,,leak
facebookresearch/deit,230,ISSUE,TracerWarning,C5,REJECTED_NONSCIENTIFIC,B,no strong protocol/evaluation signal (ordinary software issue or feature request),False,False,False,,,,
facebookresearch/deit,229,PR,cosub bugfix,C5,REJECTED_NONSCIENTIFIC,B,no strong protocol/evaluation signal (ordinary software issue or feature request),False,False,False,,,,
facebookresearch/deit,228,PR,Bump torch from 1.7.0 to 1.13.1,C5,REJECTED_NO_RECOVERABLE_PREFIX,D,gold confirmation present but pre-fix state not recoverable from §2 corpus (needs commit fetch),True,True,True,,,table,cherry
facebookresearch/deit,227,PR,Fix/forget to guard the nas correlated function,C5,REJECTED_NONSCIENTIFIC,B,no strong protocol/evaluation signal (ordinary software issue or feature request),False,False,False,,,,
facebookresearch/deit,226,ISSUE,How to launch a training of CAIT models ?,C5,REJECTED_NO_GOLD_CONFIRMATION,C,"protocol + paper, but no merged corrective PR / erratum / author confirmation recoverable",True,True,False,,,reproduce,reproduc
facebookresearch/deit,223,PR,"Fix Spelling Error: Correct ""defaul"" to ""default""",C5,REJECTED_NONSCIENTIFIC,B,no strong protocol/evaluation signal (ordinary software issue or feature request),False,False,False,,,,
facebookresearch/deit,222,PR,fix argument bug,C5,REJECTED_NONSCIENTIFIC,B,no strong protocol/evaluation signal (ordinary software issue or feature request),False,False,False,,,,
facebookresearch/deit,221,PR,fix argument bug,C5,REJECTED_NONSCIENTIFIC,B,no strong protocol/evaluation signal (ordinary software issue or feature request),False,False,False,,,,
facebookresearch/deit,220,ISSUE,batch_size flag,C5,REJECTED_NO_GOLD_CONFIRMATION,C,"protocol + paper, but no merged corrective PR / erratum / author confirmation recoverable",True,True,False,,,reproduce,reproduc
facebookresearch/deit,219,ISSUE,ImageNet21K data preparation for pre-training,C5,REJECTED_NONSCIENTIFIC,B,no strong protocol/evaluation signal (ordinary software issue or feature request),False,False,False,,,,
facebookresearch/deit,218,ISSUE,DeiT depth 24 (CaiT - TABLE 1),C5,REJECTED_NONSCIENTIFIC,B,no strong protocol/evaluation signal (ordinary software issue or feature request),False,True,False,,,paper; table,
facebookresearch/deit,215,ISSUE,The ablation experiment of DeiT,C5,REJECTED_NONSCIENTIFIC,B,no strong protocol/evaluation signal (ordinary software issue or feature request),False,True,False,,,paper,
facebookresearch/deit,214,ISSUE,What are the hyperparameters for DeiT-III (epoch 400 or 600)?,C5,REJECTED_NONSCIENTIFIC,B,no strong protocol/evaluation signal (ordinary software issue or feature request),False,True,False,,,paper; table; arxiv,
facebookresearch/deit,212,ISSUE,unexpected keyword argument 'pretrained_cfg',C5,REJECTED_NONSCIENTIFIC,B,no strong protocol/evaluation signal (ordinary software issue or feature request),False,False,False,,,,
facebookresearch/deit,207,ISSUE,Meaning of the model name ( ResMLP),C5,REJECTED_NONSCIENTIFIC,B,no strong protocol/evaluation signal (ordinary software issue or feature request),False,True,False,,,paper,
facebookresearch/deit,206,ISSUE,Can I use timm==0.4.12 instead of timm==0.3.2 ?,C5,REJECTED_NONSCIENTIFIC,B,no strong protocol/evaluation signal (ordinary software issue or feature request),False,False,False,,,,
facebookresearch/deit,205,ISSUE,What batch size number other than 1024 have been tried when training a,C5,REJECTED_NONSCIENTIFIC,B,no strong protocol/evaluation signal (ordinary software issue or feature request),False,True,False,,,paper; arxiv,
facebookresearch/deit,203,ISSUE,Does the EMA is used in DeiT-III?,C5,REJECTED_NO_PAPER_LINK,A,protocol-relevant but no formal-paper link in a research-impl repo,True,False,False,,,,reproduc
facebookresearch/deit,201,ISSUE,Are the hyperparameters for DeiT-T and for DeiT-S any different than D,C5,REJECTED_NONSCIENTIFIC,B,no strong protocol/evaluation signal (ordinary software issue or feature request),False,True,False,,,arxiv,
facebookresearch/deit,200,PR,"Fix error ""TypeError: type object got multiple values for keyword argu",C5,REJECTED_NONSCIENTIFIC,B,no strong protocol/evaluation signal (ordinary software issue or feature request),False,False,False,,,,
facebookresearch/deit,199,ISSUE,What is the ImageNet-1K Top-1 accuracy of Training from 0 to 400 epoch,C5,REJECTED_NONSCIENTIFIC,B,no strong protocol/evaluation signal (ordinary software issue or feature request),False,True,False,,,paper,
facebookresearch/deit,196,ISSUE,What is the difference between class attention in the paper CaiT and t,C5,REJECTED_NONSCIENTIFIC,B,no strong protocol/evaluation signal (ordinary software issue or feature request),False,True,False,,,paper,
facebookresearch/deit,195,ISSUE,Config file of ViT-B/16,C5,REJECTED_NONSCIENTIFIC,B,no strong protocol/evaluation signal (ordinary software issue or feature request),False,True,False,,,paper,
facebookresearch/deit,194,ISSUE,Uneven memory usage among GPUs with DistributedDataParallel,C5,REJECTED_NONSCIENTIFIC,B,no strong protocol/evaluation signal (ordinary software issue or feature request),False,False,False,,,,
facebookresearch/deit,193,ISSUE,Is it possible if I can see how the validation accuracy changes over t,C5,REJECTED_NONSCIENTIFIC,B,no strong protocol/evaluation signal (ordinary software issue or feature request),False,False,False,,,,
facebookresearch/deit,190,PR,Add eval-crop-ratio to args,C5,REJECTED_NONSCIENTIFIC,B,no strong protocol/evaluation signal (ordinary software issue or feature request),False,False,False,,,,
facebookresearch/deit,188,ISSUE,The concatenation of 'cls_tokens' and 'patch_embedding' is not necceas,C5,REJECTED_NONSCIENTIFIC,B,no strong protocol/evaluation signal (ordinary software issue or feature request),False,False,False,,,,
facebookresearch/deit,187,ISSUE,Object detection from the DeiT III pretrained model,C5,REJECTED_NONSCIENTIFIC,B,no strong protocol/evaluation signal (ordinary software issue or feature request),False,False,False,,,,
facebookresearch/deit,185,ISSUE,Reproduce PatchConvnet,C5,REJECTED_NO_GOLD_CONFIRMATION,C,"protocol + paper, but no merged corrective PR / erratum / author confirmation recoverable",True,True,False,,,reproduce,reproduc
facebookresearch/deit,181,ISSUE,ImageNet21k pretrained model without finetuning on 1k,C5,REJECTED_NO_GOLD_CONFIRMATION,C,"protocol + paper, but no merged corrective PR / erratum / author confirmation recoverable",True,True,False,,,reproduce,reproduc
facebookresearch/deit,180,ISSUE,Confusion about fine-tuning,C5,REJECTED_NONSCIENTIFIC,B,no strong protocol/evaluation signal (ordinary software issue or feature request),False,False,False,,,,
facebookresearch/deit,179,ISSUE,Are the transforms in ThreeAugment suppose to replace the transforms i,C5,REJECTED_NONSCIENTIFIC,B,no strong protocol/evaluation signal (ordinary software issue or feature request),False,False,False,,,,
facebookresearch/deit,178,ISSUE,Is ThreeAugment used when training DeiT on ImageNet?,C5,REJECTED_NONSCIENTIFIC,B,no strong protocol/evaluation signal (ordinary software issue or feature request),False,False,False,,,,
facebookresearch/deit,176,ISSUE,`drop-path` rate for ImageNet-21k 90 epochs training.,C5,REJECTED_NONSCIENTIFIC,B,no strong protocol/evaluation signal (ordinary software issue or feature request),False,True,False,,,paper; table,
facebookresearch/deit,175,ISSUE,"What are the hyperparameters for finetuning on cifar10/100, and other ",C5,REJECTED_NONSCIENTIFIC,B,no strong protocol/evaluation signal (ordinary software issue or feature request),False,True,False,,,paper,
facebookresearch/deit,174,ISSUE,why set a separate distillation token?,C5,REJECTED_NONSCIENTIFIC,B,no strong protocol/evaluation signal (ordinary software issue or feature request),False,False,False,,,,
facebookresearch/deit,173,ISSUE,Resume Broken,C5,REJECTED_NONSCIENTIFIC,B,no strong protocol/evaluation signal (ordinary software issue or feature request),False,False,False,,,,
facebookresearch/deit,172,ISSUE,Soft Distillation Checkpoint,C5,REJECTED_NONSCIENTIFIC,B,no strong protocol/evaluation signal (ordinary software issue or feature request),False,True,False,,,paper; table,
facebookresearch/deit,171,PR,Fix img_size for DeiT-III,C5,REJECTED_NONSCIENTIFIC,B,no strong protocol/evaluation signal (ordinary software issue or feature request),False,False,False,,,,
facebookresearch/deit,170,ISSUE,How to reproduce DeitIII for semantic segmentaion,C5,REJECTED_NO_GOLD_CONFIRMATION,C,"protocol + paper, but no merged corrective PR / erratum / author confirmation recoverable",True,True,False,,,paper; reproduce,reproduc
facebookresearch/deit,169,PR,fixed typo in path for 2nd validation class,C5,REJECTED_NONSCIENTIFIC,B,no strong protocol/evaluation signal (ordinary software issue or feature request),False,False,False,,,,
facebookresearch/deit,168,ISSUE,Question about the hard-label distillation and mixup,C5,REJECTED_NONSCIENTIFIC,B,no strong protocol/evaluation signal (ordinary software issue or feature request),False,False,False,,,,
facebookresearch/deit,167,ISSUE,I need some help to reproduce DeiT-III finetuning result,C5,REJECTED_NO_GOLD_CONFIRMATION,C,"protocol + paper, but no merged corrective PR / erratum / author confirmation recoverable",True,True,False,,,reproduce,reproduc
facebookresearch/deit,165,ISSUE,Training details on CIFAR-10,C5,REJECTED_NONSCIENTIFIC,B,no strong protocol/evaluation signal (ordinary software issue or feature request),False,True,False,,,paper; arxiv,
facebookresearch/deit,164,ISSUE,Data structure and GPU problem?,C5,REJECTED_NO_GOLD_CONFIRMATION,C,"protocol + paper, but no merged corrective PR / erratum / author confirmation recoverable",True,True,False,,,reproduce,reproduc
facebookresearch/deit,163,ISSUE,I want to know when is the distillation token used?,C5,REJECTED_NONSCIENTIFIC,B,no strong protocol/evaluation signal (ordinary software issue or feature request),False,False,False,,,,
facebookresearch/deit,162,ISSUE,Finetune setting for DeiT-III at IN1k,C5,REJECTED_NO_GOLD_CONFIRMATION,C,"protocol + paper, but no merged corrective PR / erratum / author confirmation recoverable",True,True,False,,,paper; reproduce,reproduc
facebookresearch/deit,160,ISSUE,The training log of DeiT III,C5,REJECTED_NO_GOLD_CONFIRMATION,C,"protocol + paper, but no merged corrective PR / erratum / author confirmation recoverable",True,True,False,,,reproduce,reproduc
facebookresearch/deit,159,ISSUE,DeiT III code release,C5,REJECTED_NO_GOLD_CONFIRMATION,C,"protocol + paper, but no merged corrective PR / erratum / author confirmation recoverable",True,True,False,,,reproduce,reproduc
facebookresearch/deit,157,ISSUE,Training is stuck when using multi GPUs.,C5,REJECTED_NONSCIENTIFIC,B,no strong protocol/evaluation signal (ordinary software issue or feature request),False,False,False,,,,
facebookresearch/deit,156,ISSUE,Question about the results on CIFAR10/CIFAR100 datasets.,C5,REJECTED_NONSCIENTIFIC,B,no strong protocol/evaluation signal (ordinary software issue or feature request),False,True,False,,,paper; arxiv,
facebookresearch/deit,153,ISSUE,why does the distilled model outperform its teacher?,C5,REJECTED_NONSCIENTIFIC,B,no strong protocol/evaluation signal (ordinary software issue or feature request),False,True,False,,,paper,
facebookresearch/deit,152,ISSUE,Questions about hyper-parameters in the finetuning stage,C5,REJECTED_NONSCIENTIFIC,B,no strong protocol/evaluation signal (ordinary software issue or feature request),False,True,False,,,paper; table,
facebookresearch/deit,151,ISSUE,Questions about PatchConvNet's stem,C5,REJECTED_NONSCIENTIFIC,B,no strong protocol/evaluation signal (ordinary software issue or feature request),False,True,False,,,paper; figure,
facebookresearch/deit,150,ISSUE,Why should we set different seed per gpu with DDP?,C5,REJECTED_NO_GOLD_CONFIRMATION,C,"protocol + paper, but no merged corrective PR / erratum / author confirmation recoverable",True,True,False,,,reproduce,reproduc
facebookresearch/deit,149,ISSUE,Reason for timm==0.3.2?,C5,REJECTED_NONSCIENTIFIC,B,no strong protocol/evaluation signal (ordinary software issue or feature request),False,False,False,,,,
facebookresearch/deit,145,ISSUE,Regarding how the step method of the learning rate scheduler is used,C5,REJECTED_NONSCIENTIFIC,B,no strong protocol/evaluation signal (ordinary software issue or feature request),False,True,False,,,figure,
facebookresearch/deit,144,ISSUE,Adjusting min-lr in cosine schedule to batch and world size,C5,REJECTED_NONSCIENTIFIC,B,no strong protocol/evaluation signal (ordinary software issue or feature request),False,False,False,,,,
facebookresearch/deit,143,ISSUE,RuntimeError: Cannot find callable,C5,REJECTED_NONSCIENTIFIC,B,no strong protocol/evaluation signal (ordinary software issue or feature request),False,False,False,,,,
facebookresearch/deit,142,ISSUE,Question about attention based pooling,C5,REJECTED_NONSCIENTIFIC,B,no strong protocol/evaluation signal (ordinary software issue or feature request),False,True,False,,,paper,
facebookresearch/deit,229,PR,cosub bugfix,C5,REJECTED_NONSCIENTIFIC,B,no strong protocol/evaluation signal (ordinary software issue or feature request),False,False,False,,,,
facebookresearch/deit,228,PR,Bump torch from 1.7.0 to 1.13.1,C5,REJECTED_NO_RECOVERABLE_PREFIX,D,gold confirmation present but pre-fix state not recoverable from §2 corpus (needs commit fetch),True,True,True,,,table,cherry
facebookresearch/deit,227,PR,Fix/forget to guard the nas correlated function,C5,REJECTED_NONSCIENTIFIC,B,no strong protocol/evaluation signal (ordinary software issue or feature request),False,False,False,,,,
facebookresearch/deit,223,PR,"Fix Spelling Error: Correct ""defaul"" to ""default""",C5,REJECTED_NONSCIENTIFIC,B,no strong protocol/evaluation signal (ordinary software issue or feature request),False,False,False,,,,
facebookresearch/deit,222,PR,fix argument bug,C5,REJECTED_NONSCIENTIFIC,B,no strong protocol/evaluation signal (ordinary software issue or feature request),False,False,False,,,,
facebookresearch/deit,221,PR,fix argument bug,C5,REJECTED_NONSCIENTIFIC,B,no strong protocol/evaluation signal (ordinary software issue or feature request),False,False,False,,,,
facebookresearch/deit,200,PR,"Fix error ""TypeError: type object got multiple values for keyword argu",C5,REJECTED_NONSCIENTIFIC,B,no strong protocol/evaluation signal (ordinary software issue or feature request),False,False,False,,,,
facebookresearch/deit,190,PR,Add eval-crop-ratio to args,C5,REJECTED_NONSCIENTIFIC,B,no strong protocol/evaluation signal (ordinary software issue or feature request),False,False,False,,,,
facebookresearch/deit,171,PR,Fix img_size for DeiT-III,C5,REJECTED_NONSCIENTIFIC,B,no strong protocol/evaluation signal (ordinary software issue or feature request),False,False,False,,,,
facebookresearch/deit,169,PR,fixed typo in path for 2nd validation class,C5,REJECTED_NONSCIENTIFIC,B,no strong protocol/evaluation signal (ordinary software issue or feature request),False,False,False,,,,
facebookresearch/deit,140,PR,Use torch.repeat_interleave() to generate the repeated indices faster,C5,REJECTED_NONSCIENTIFIC,B,no strong protocol/evaluation signal (ordinary software issue or feature request),False,True,False,,,benchmark,
facebookresearch/deit,123,PR,fix bug -  add droppath in cait,C5,REJECTED_NONSCIENTIFIC,B,no strong protocol/evaluation signal (ordinary software issue or feature request),False,False,False,,,,
facebookresearch/deit,118,PR,save best checkpoint,C5,REJECTED_NONSCIENTIFIC,B,no strong protocol/evaluation signal (ordinary software issue or feature request),False,False,False,,,,
facebookresearch/deit,91,PR,BUG Fix: ensure the right loss function is selected when mixtup or cu…,C5,REJECTED_NONSCIENTIFIC,B,no strong protocol/evaluation signal (ordinary software issue or feature request),False,False,False,,,,
facebookresearch/deit,84,PR,Delete Unused Args dpr_constant In cait_S36,C5,REJECTED_NONSCIENTIFIC,B,no strong protocol/evaluation signal (ordinary software issue or feature request),False,False,False,,,,
facebookresearch/deit,83,PR,gradio web app,C5,REJECTED_NONSCIENTIFIC,B,no strong protocol/evaluation signal (ordinary software issue or feature request),False,False,False,,,,
facebookresearch/deit,55,PR,Add deit_base_distilled_patch16_384,C5,REJECTED_NONSCIENTIFIC,B,no strong protocol/evaluation signal (ordinary software issue or feature request),False,False,False,,,,
facebookresearch/deit,54,PR,Add Colab for inference,C5,REJECTED_NONSCIENTIFIC,B,no strong protocol/evaluation signal (ordinary software issue or feature request),False,False,False,,,,
facebookresearch/deit,53,PR,Update figure with newer models,C5,REJECTED_NONSCIENTIFIC,B,no strong protocol/evaluation signal (ordinary software issue or feature request),False,True,False,,,figure,
facebookresearch/deit,52,PR,Fix no-weight-decay in optimizer,C5,REJECTED_NONSCIENTIFIC,B,no strong protocol/evaluation signal (ordinary software issue or feature request),False,False,False,,,,
facebookresearch/deit,49,PR,Add loss_scaler to checkpoints,C5,REJECTED_NO_GOLD_CONFIRMATION,C,"protocol + paper, but no merged corrective PR / erratum / author confirmation recoverable",True,True,False,,,reproducibility,reproduc
facebookresearch/deit,43,PR,Add option to finetune on larger resolution,C5,REJECTED_NONSCIENTIFIC,B,no strong protocol/evaluation signal (ordinary software issue or feature request),False,False,False,,,,
facebookresearch/deit,42,PR,Add Knowledge-Distillation,C5,REJECTED_NONSCIENTIFIC,B,no strong protocol/evaluation signal (ordinary software issue or feature request),False,True,False,,,paper,
facebookresearch/deit,27,PR,Change LICENSE to Apache 2.0,C5,REJECTED_NONSCIENTIFIC,B,no strong protocol/evaluation signal (ordinary software issue or feature request),False,False,False,,,,
facebookresearch/deit,24,PR,Support parallelized evaluation,C5,REJECTED_NONSCIENTIFIC,B,no strong protocol/evaluation signal (ordinary software issue or feature request),False,False,False,,,,
openai/gym,3328,PR,[codex] Pin GitHub Actions workflow references,C2,REJECTED_NONSCIENTIFIC,B,no strong protocol/evaluation signal (ordinary software issue or feature request),False,True,False,,,table; doi,
openai/gym,3327,ISSUE,[Question] Training Error increasing for blackjack-v1,C2,REJECTED_NONSCIENTIFIC,B,no strong protocol/evaluation signal (ordinary software issue or feature request),False,False,False,,,,
openai/gym,3325,ISSUE,[Proposal] Proposal title,C2,REJECTED_NONSCIENTIFIC,B,no strong protocol/evaluation signal (ordinary software issue or feature request),False,False,False,,,,
openai/gym,3324,PR,Cd 7642 lunar lander analysis,C2,REJECTED_NONSCIENTIFIC,B,no strong protocol/evaluation signal (ordinary software issue or feature request),False,False,False,,,,
openai/gym,3323,ISSUE,[Bug Report] Bug title,C2,REJECTED_NO_GOLD_CONFIRMATION,C,"protocol + paper, but no merged corrective PR / erratum / author confirmation recoverable",True,True,False,,,reproduce,reproduc
openai/gym,3321,PR,docs: minor formatting fix,C2,REJECTED_NONSCIENTIFIC,B,no strong protocol/evaluation signal (ordinary software issue or feature request),False,False,False,,,,
openai/gym,3319,PR,Learning purpose,C2,REJECTED_NONSCIENTIFIC,B,no strong protocol/evaluation signal (ordinary software issue or feature request),False,False,False,,,,
openai/gym,3318,PR,Update README.md,C2,REJECTED_NONSCIENTIFIC,B,no strong protocol/evaluation signal (ordinary software issue or feature request),False,False,False,,,,
openai/gym,3317,PR,Add default parameters for self.masscart and self.masspole to the cons,C2,REJECTED_NONSCIENTIFIC,B,no strong protocol/evaluation signal (ordinary software issue or feature request),False,False,False,,,,
openai/gym,3316,PR,"Add a test for **kwargs, for the modifications I made to the construc…",C2,REJECTED_NONSCIENTIFIC,B,no strong protocol/evaluation signal (ordinary software issue or feature request),False,False,False,,,,
openai/gym,3315,PR,Add default parameters,C2,REJECTED_NONSCIENTIFIC,B,no strong protocol/evaluation signal (ordinary software issue or feature request),False,False,False,,,,
openai/gym,3314,PR,gym_m,C2,REJECTED_NONSCIENTIFIC,B,no strong protocol/evaluation signal (ordinary software issue or feature request),False,False,False,,,,
openai/gym,3313,ISSUE,Mac Mini M4,C2,REJECTED_NONSCIENTIFIC,B,no strong protocol/evaluation signal (ordinary software issue or feature request),False,False,False,,,,
openai/gym,3312,PR,Update passive_env_checker.py,C2,REJECTED_NONSCIENTIFIC,B,no strong protocol/evaluation signal (ordinary software issue or feature request),False,False,False,,,,
openai/gym,3310,PR,"Update passive_env_checker.py to fix ""bool8 error""",C2,REJECTED_NONSCIENTIFIC,B,no strong protocol/evaluation signal (ordinary software issue or feature request),False,False,False,,,,
openai/gym,3309,ISSUE,nan or inf in step(),C2,REJECTED_NONSCIENTIFIC,B,no strong protocol/evaluation signal (ordinary software issue or feature request),False,True,False,,,table,
openai/gym,3308,ISSUE,reset() showing NotImplementedError for ObservationWrapper,C2,REJECTED_NONSCIENTIFIC,B,no strong protocol/evaluation signal (ordinary software issue or feature request),False,False,False,,,,
openai/gym,3306,ISSUE,Couldn't find lunar Lander v3,C2,REJECTED_NONSCIENTIFIC,B,no strong protocol/evaluation signal (ordinary software issue or feature request),False,False,False,,,,
openai/gym,3305,ISSUE,[Bug Report] cv2.error: OpenCV(4.9.0) :-1: error: (-5:Bad argument) in,C2,REJECTED_NONSCIENTIFIC,B,no strong protocol/evaluation signal (ordinary software issue or feature request),False,False,False,,,,
openai/gym,3304,ISSUE,[Bug Report] Bug title,C2,REJECTED_NONSCIENTIFIC,B,no strong protocol/evaluation signal (ordinary software issue or feature request),False,True,False,,,table,
openai/gym,3302,PR,Correct spelling core.py L90,C2,REJECTED_NONSCIENTIFIC,B,no strong protocol/evaluation signal (ordinary software issue or feature request),False,False,False,,,,
openai/gym,3300,ISSUE,AttributeError: partially initialized module 'gym' has no attribute 'W,C2,REJECTED_NONSCIENTIFIC,B,no strong protocol/evaluation signal (ordinary software issue or feature request),False,False,False,,,,
openai/gym,3299,ISSUE,[Question] Too many values to unpack issue,C2,REJECTED_NONSCIENTIFIC,B,no strong protocol/evaluation signal (ordinary software issue or feature request),False,False,False,,,,
openai/gym,3298,PR,updated readme file,C2,REJECTED_NONSCIENTIFIC,B,no strong protocol/evaluation signal (ordinary software issue or feature request),False,False,False,,,,
openai/gym,3297,ISSUE,[Question] Are the action for Mujoco envs normalized ?,C2,REJECTED_NONSCIENTIFIC,B,no strong protocol/evaluation signal (ordinary software issue or feature request),False,False,False,,,,
openai/gym,3296,PR,Simplify type check in `is_float_integer` function,C2,REJECTED_NONSCIENTIFIC,B,no strong protocol/evaluation signal (ordinary software issue or feature request),False,False,False,,,,
openai/gym,3295,PR,bug fix :numpy has no attribute 'bool8',C2,REJECTED_NONSCIENTIFIC,B,no strong protocol/evaluation signal (ordinary software issue or feature request),False,False,False,,,,
openai/gym,3294,ISSUE,[Bug Report] module 'numpy' has no attribute 'bool8',C2,REJECTED_NONSCIENTIFIC,B,no strong protocol/evaluation signal (ordinary software issue or feature request),False,False,False,,,,
openai/gym,3289,ISSUE,[bug] NormalizeReward is wrong?,C2,REJECTED_NO_GOLD_CONFIRMATION,C,"protocol + paper, but no merged corrective PR / erratum / author confirmation recoverable",True,True,False,,,reproducibility,reproduc
openai/gym,3286,ISSUE,[Proposal] AsyncVectorEnv with Graph observation spaces,C2,REJECTED_NONSCIENTIFIC,B,no strong protocol/evaluation signal (ordinary software issue or feature request),False,False,False,,,,
openai/gym,3285,ISSUE,[Question] Gym and stable baselines compatible issue,C2,REJECTED_NONSCIENTIFIC,B,no strong protocol/evaluation signal (ordinary software issue or feature request),False,True,False,,,table,
openai/gym,3284,ISSUE,[Question] Changing action space with time/episode ,C2,REJECTED_NONSCIENTIFIC,B,no strong protocol/evaluation signal (ordinary software issue or feature request),False,False,False,,,,
openai/gym,3282,ISSUE,trying to use mujoco env,C2,REJECTED_NONSCIENTIFIC,B,no strong protocol/evaluation signal (ordinary software issue or feature request),False,False,False,,,,
openai/gym,3281,ISSUE,[bug] EOF error with gym.vector.AsyncVectorEnv() when calling the step,C2,REJECTED_NONSCIENTIFIC,B,no strong protocol/evaluation signal (ordinary software issue or feature request),False,False,False,,,,
openai/gym,3279,ISSUE,Problem in render_mode,C2,REJECTED_NONSCIENTIFIC,B,no strong protocol/evaluation signal (ordinary software issue or feature request),False,False,False,,,,
openai/gym,3278,ISSUE,[Bug Report] When call a base64.b64encode() on a Box observation_space,C2,REJECTED_NO_GOLD_CONFIRMATION,C,"protocol + paper, but no merged corrective PR / erratum / author confirmation recoverable",True,True,False,,,table; reproduce,leak reproduc
openai/gym,3276,ISSUE,AttributeError: attempted to get missing private attribute '_domain_fi,C2,REJECTED_NONSCIENTIFIC,B,no strong protocol/evaluation signal (ordinary software issue or feature request),False,False,False,,,,
openai/gym,3275,ISSUE,gym.error.UnregisteredEnv: No registered env with id: meme-v0,C2,REJECTED_NONSCIENTIFIC,B,no strong protocol/evaluation signal (ordinary software issue or feature request),False,False,False,,,,
openai/gym,3273,ISSUE,[Question] AsyncVectorEnv getting hung up as `pip.recv()` not returnin,C2,REJECTED_NONSCIENTIFIC,B,no strong protocol/evaluation signal (ordinary software issue or feature request),False,False,False,,,,
openai/gym,3271,PR,Update passive_env_checker.py with np.bool_ instead of np.bool8,C2,REJECTED_NONSCIENTIFIC,B,no strong protocol/evaluation signal (ordinary software issue or feature request),False,False,False,,,,
openai/gym,3270,ISSUE,[Question] MUJOCO environment info ERROR in the gym documentation webs,C2,REJECTED_NONSCIENTIFIC,B,no strong protocol/evaluation signal (ordinary software issue or feature request),False,True,False,,,table,
openai/gym,3269,ISSUE,[Question] I am implementing a DQN on Atari. I have some shape related,C2,REJECTED_NONSCIENTIFIC,B,no strong protocol/evaluation signal (ordinary software issue or feature request),False,True,False,,,table,
openai/gym,3268,ISSUE,"[Bug Report] Humanoidv4 doesnt include contact_cost in code, but still",C2,REJECTED_NONSCIENTIFIC,B,no strong protocol/evaluation signal (ordinary software issue or feature request),False,False,False,,,,
openai/gym,3266,PR,Fix for the collision problem in the pusher environment,C2,REJECTED_NONSCIENTIFIC,B,no strong protocol/evaluation signal (ordinary software issue or feature request),False,False,False,,,,
openai/gym,3265,ISSUE,[Question] How to verify who is the winner of a game?,C2,REJECTED_NONSCIENTIFIC,B,no strong protocol/evaluation signal (ordinary software issue or feature request),False,False,False,,,,
openai/gym,3264,ISSUE,[Bug Report] pusher-v4 in the environment doesn't collide the object f,C2,REJECTED_NONSCIENTIFIC,B,no strong protocol/evaluation signal (ordinary software issue or feature request),False,False,False,,,,
openai/gym,3263,ISSUE,[Question] Custom dtype in observation space,C2,REJECTED_NONSCIENTIFIC,B,no strong protocol/evaluation signal (ordinary software issue or feature request),False,False,False,,,,
openai/gym,3262,ISSUE,"[Bug Report] Getting Error from ""D:\PongDQN_RL\venv\lib\site-packages\",C2,REJECTED_NONSCIENTIFIC,B,no strong protocol/evaluation signal (ordinary software issue or feature request),False,False,False,,,,
openai/gym,3261,ISSUE,Env.reset () is error,C2,REJECTED_NONSCIENTIFIC,B,no strong protocol/evaluation signal (ordinary software issue or feature request),False,False,False,,,,
openai/gym,3260,ISSUE,Could not find platform dependent libraries and kernel always busy. Im,C2,REJECTED_NONSCIENTIFIC,B,no strong protocol/evaluation signal (ordinary software issue or feature request),False,False,False,,,,
openai/gym,3259,ISSUE,installing gym[toy_text] bug,C2,REJECTED_NONSCIENTIFIC,B,no strong protocol/evaluation signal (ordinary software issue or feature request),False,True,False,,,figure,
openai/gym,3258,PR,Updating deprecated alias 'np.bool8' -> 'np.bool_',C2,REJECTED_NONSCIENTIFIC,B,no strong protocol/evaluation signal (ordinary software issue or feature request),False,False,False,,,,
openai/gym,3257,ISSUE,[Question] Modifying and Analyzing mujoco's qpos and qvel ,C2,REJECTED_NONSCIENTIFIC,B,no strong protocol/evaluation signal (ordinary software issue or feature request),False,True,False,,,figure,
openai/gym,3256,ISSUE,Is there any tools for changing the hyperparameter of the mujoco envir,C2,REJECTED_NONSCIENTIFIC,B,no strong protocol/evaluation signal (ordinary software issue or feature request),False,False,False,,,,
openai/gym,3255,ISSUE,Segmentation Fault while trying to run Rviz in a wsl enviorment using ,C2,REJECTED_NONSCIENTIFIC,B,no strong protocol/evaluation signal (ordinary software issue or feature request),False,False,False,,,,
openai/gym,3254,ISSUE,Deepcopy env not working as expected,C2,REJECTED_NONSCIENTIFIC,B,no strong protocol/evaluation signal (ordinary software issue or feature request),False,False,False,,,,
openai/gym,3253,ISSUE,[Bug Report] Vector env return value ,C2,REJECTED_NONSCIENTIFIC,B,no strong protocol/evaluation signal (ordinary software issue or feature request),False,False,False,,,,
openai/gym,3252,ISSUE,Juputer notebook Kernel Dead After running any gym method,C2,REJECTED_NONSCIENTIFIC,B,no strong protocol/evaluation signal (ordinary software issue or feature request),False,True,False,,,table,
openai/gym,3251,ISSUE,[Question] Open source code for Montezuma Revenge,C2,REJECTED_NONSCIENTIFIC,B,no strong protocol/evaluation signal (ordinary software issue or feature request),False,False,False,,,,
openai/gym,3250,ISSUE,setup.py in https://www.gymlibrary.dev/content/environment_creation/#m,C2,REJECTED_NONSCIENTIFIC,B,no strong protocol/evaluation signal (ordinary software issue or feature request),False,False,False,,,,
openai/gym,3248,ISSUE,"I am using DDPG. I trained the agent successfully. Now, I need to spec",C2,REJECTED_NONSCIENTIFIC,B,no strong protocol/evaluation signal (ordinary software issue or feature request),False,False,False,,,,
openai/gym,3247,PR,Update py.Dockerfile,C2,REJECTED_NONSCIENTIFIC,B,no strong protocol/evaluation signal (ordinary software issue or feature request),False,False,False,,,,
openai/gym,3246,ISSUE,[Bug Report] Env force_mag can not be changed in cartpole,C2,REJECTED_NO_GOLD_CONFIRMATION,C,"protocol + paper, but no merged corrective PR / erratum / author confirmation recoverable",True,True,False,,,reproducibility,reproduc
openai/gym,3244,ISSUE,[Proposal] Initial State Tracking - Bipedal Walker Hardcore,C2,REJECTED_NONSCIENTIFIC,B,no strong protocol/evaluation signal (ordinary software issue or feature request),False,True,False,,,paper,
openai/gym,3243,ISSUE,[Question] How can I install gym[classic_control] on Windows 11 pipenv,C2,REJECTED_NONSCIENTIFIC,B,no strong protocol/evaluation signal (ordinary software issue or feature request),False,True,True,,,figure,
openai/gym,3242,ISSUE,[Bug Report] mujoco rendering is not deterministic,C2,REJECTED_NONSCIENTIFIC,B,no strong protocol/evaluation signal (ordinary software issue or feature request),False,False,False,,,,
openai/gym,3241,ISSUE,[Question] Question title,C2,REJECTED_NONSCIENTIFIC,B,no strong protocol/evaluation signal (ordinary software issue or feature request),False,False,False,,,,
openai/gym,3240,ISSUE,[Bug Report] Dependency error - box2D,C2,REJECTED_NONSCIENTIFIC,B,no strong protocol/evaluation signal (ordinary software issue or feature request),False,False,False,,,,
openai/gym,3239,PR,modified:   setup.py in v0.21.0,C2,REJECTED_NONSCIENTIFIC,B,no strong protocol/evaluation signal (ordinary software issue or feature request),False,False,False,,,,
openai/gym,3238,ISSUE,[Proposal] Proposal title,C2,REJECTED_NONSCIENTIFIC,B,no strong protocol/evaluation signal (ordinary software issue or feature request),False,False,False,,,,
openai/gym,3237,ISSUE,[Question] How do games with movement limited to cardinal directions h,C2,REJECTED_NO_PAPER_LINK,A,protocol-relevant but no formal-paper link in a research-impl repo,True,False,False,,,,subset
openai/gym,3236,ISSUE,[Question] reset() missing 1 required positional argument: 'seed',C2,REJECTED_NONSCIENTIFIC,B,no strong protocol/evaluation signal (ordinary software issue or feature request),False,True,False,,,table,
openai/gym,3235,PR,Create README.md,C2,REJECTED_NONSCIENTIFIC,B,no strong protocol/evaluation signal (ordinary software issue or feature request),False,False,False,,,,
openai/gym,3234,ISSUE,[Bug Report] SyncVectorEnv has an unremoved but deprecated method seed,C2,REJECTED_NONSCIENTIFIC,B,no strong protocol/evaluation signal (ordinary software issue or feature request),False,False,False,,,,
openai/gym,3232,PR,Update multi_binary.py,C2,REJECTED_NONSCIENTIFIC,B,no strong protocol/evaluation signal (ordinary software issue or feature request),False,False,False,,,,
openai/gym,3231,PR,Made some changes,C2,REJECTED_NONSCIENTIFIC,B,no strong protocol/evaluation signal (ordinary software issue or feature request),False,False,False,,,,
openai/gym,3230,ISSUE,Why the initial state of breakout environment is the same with differe,C2,REJECTED_NONSCIENTIFIC,B,no strong protocol/evaluation signal (ordinary software issue or feature request),False,False,False,,,,
openai/gym,3229,ISSUE,[Bug Report] Vectorized Environments,C2,REJECTED_NONSCIENTIFIC,B,no strong protocol/evaluation signal (ordinary software issue or feature request),False,False,False,,,,
openai/gym,3228,ISSUE,[Question] Querying xpos (and other fields) from env after initializat,C2,REJECTED_NONSCIENTIFIC,B,no strong protocol/evaluation signal (ordinary software issue or feature request),False,True,False,,,doi,
openai/gym,3227,PR,Create assignment.py,C2,REJECTED_NONSCIENTIFIC,B,no strong protocol/evaluation signal (ordinary software issue or feature request),False,False,False,,,,
openai/gym,3226,ISSUE,Unable to install stablebaselines3[extra],C2,REJECTED_NONSCIENTIFIC,B,no strong protocol/evaluation signal (ordinary software issue or feature request),False,True,False,,,table,
openai/gym,3225,ISSUE,V1 and V2 are which velocities?,C2,REJECTED_NONSCIENTIFIC,B,no strong protocol/evaluation signal (ordinary software issue or feature request),False,False,False,,,,
openai/gym,3224,PR,Update inverted_pendulum_v4.py,C2,REJECTED_NONSCIENTIFIC,B,no strong protocol/evaluation signal (ordinary software issue or feature request),False,False,False,,,,
openai/gym,3223,ISSUE,AttributeError: 'NoneType' object has no attribute 'register_gym_envs',C2,REJECTED_NONSCIENTIFIC,B,no strong protocol/evaluation signal (ordinary software issue or feature request),False,False,False,,,,
openai/gym,3222,ISSUE,[Bug Report] Bug title,C2,REJECTED_NO_GOLD_CONFIRMATION,C,"protocol + paper, but no merged corrective PR / erratum / author confirmation recoverable",True,True,False,,,reproduce,reproduc
openai/gym,3328,PR,[codex] Pin GitHub Actions workflow references,C2,REJECTED_NONSCIENTIFIC,B,no strong protocol/evaluation signal (ordinary software issue or feature request),False,True,False,,,table; doi,
openai/gym,3324,PR,Cd 7642 lunar lander analysis,C2,REJECTED_NONSCIENTIFIC,B,no strong protocol/evaluation signal (ordinary software issue or feature request),False,False,False,,,,
openai/gym,3321,PR,docs: minor formatting fix,C2,REJECTED_NONSCIENTIFIC,B,no strong protocol/evaluation signal (ordinary software issue or feature request),False,False,False,,,,
openai/gym,3319,PR,Learning purpose,C2,REJECTED_NONSCIENTIFIC,B,no strong protocol/evaluation signal (ordinary software issue or feature request),False,False,False,,,,
openai/gym,3318,PR,Update README.md,C2,REJECTED_NONSCIENTIFIC,B,no strong protocol/evaluation signal (ordinary software issue or feature request),False,False,False,,,,
openai/gym,3317,PR,Add default parameters for self.masscart and self.masspole to the cons,C2,REJECTED_NONSCIENTIFIC,B,no strong protocol/evaluation signal (ordinary software issue or feature request),False,False,False,,,,
openai/gym,3316,PR,"Add a test for **kwargs, for the modifications I made to the construc…",C2,REJECTED_NONSCIENTIFIC,B,no strong protocol/evaluation signal (ordinary software issue or feature request),False,False,False,,,,
openai/gym,3315,PR,Add default parameters,C2,REJECTED_NONSCIENTIFIC,B,no strong protocol/evaluation signal (ordinary software issue or feature request),False,False,False,,,,
openai/gym,3314,PR,gym_m,C2,REJECTED_NONSCIENTIFIC,B,no strong protocol/evaluation signal (ordinary software issue or feature request),False,False,False,,,,
openai/gym,3312,PR,Update passive_env_checker.py,C2,REJECTED_NONSCIENTIFIC,B,no strong protocol/evaluation signal (ordinary software issue or feature request),False,False,False,,,,
openai/gym,3310,PR,"Update passive_env_checker.py to fix ""bool8 error""",C2,REJECTED_NONSCIENTIFIC,B,no strong protocol/evaluation signal (ordinary software issue or feature request),False,False,False,,,,
openai/gym,3302,PR,Correct spelling core.py L90,C2,REJECTED_NONSCIENTIFIC,B,no strong protocol/evaluation signal (ordinary software issue or feature request),False,False,False,,,,
openai/gym,3298,PR,updated readme file,C2,REJECTED_NONSCIENTIFIC,B,no strong protocol/evaluation signal (ordinary software issue or feature request),False,False,False,,,,
openai/gym,3296,PR,Simplify type check in `is_float_integer` function,C2,REJECTED_NONSCIENTIFIC,B,no strong protocol/evaluation signal (ordinary software issue or feature request),False,False,False,,,,
openai/gym,3295,PR,bug fix :numpy has no attribute 'bool8',C2,REJECTED_NONSCIENTIFIC,B,no strong protocol/evaluation signal (ordinary software issue or feature request),False,False,False,,,,
openai/gym,3271,PR,Update passive_env_checker.py with np.bool_ instead of np.bool8,C2,REJECTED_NONSCIENTIFIC,B,no strong protocol/evaluation signal (ordinary software issue or feature request),False,False,False,,,,
openai/gym,3266,PR,Fix for the collision problem in the pusher environment,C2,REJECTED_NONSCIENTIFIC,B,no strong protocol/evaluation signal (ordinary software issue or feature request),False,False,False,,,,
openai/gym,3258,PR,Updating deprecated alias 'np.bool8' -> 'np.bool_',C2,REJECTED_NONSCIENTIFIC,B,no strong protocol/evaluation signal (ordinary software issue or feature request),False,False,False,,,,
openai/gym,3247,PR,Update py.Dockerfile,C2,REJECTED_NONSCIENTIFIC,B,no strong protocol/evaluation signal (ordinary software issue or feature request),False,False,False,,,,
openai/gym,3239,PR,modified:   setup.py in v0.21.0,C2,REJECTED_NONSCIENTIFIC,B,no strong protocol/evaluation signal (ordinary software issue or feature request),False,False,False,,,,
openai/gym,3235,PR,Create README.md,C2,REJECTED_NONSCIENTIFIC,B,no strong protocol/evaluation signal (ordinary software issue or feature request),False,False,False,,,,
openai/gym,3232,PR,Update multi_binary.py,C2,REJECTED_NONSCIENTIFIC,B,no strong protocol/evaluation signal (ordinary software issue or feature request),False,False,False,,,,
openai/gym,3231,PR,Made some changes,C2,REJECTED_NONSCIENTIFIC,B,no strong protocol/evaluation signal (ordinary software issue or feature request),False,False,False,,,,
openai/gym,3227,PR,Create assignment.py,C2,REJECTED_NONSCIENTIFIC,B,no strong protocol/evaluation signal (ordinary software issue or feature request),False,False,False,,,,
openai/gym,3224,PR,Update inverted_pendulum_v4.py,C2,REJECTED_NONSCIENTIFIC,B,no strong protocol/evaluation signal (ordinary software issue or feature request),False,False,False,,,,
openai/gym,3216,PR,Create FUNDING.yml,C2,REJECTED_NONSCIENTIFIC,B,no strong protocol/evaluation signal (ordinary software issue or feature request),False,False,False,,,,
openai/gym,3213,PR,Feature2,C2,REJECTED_NONSCIENTIFIC,B,no strong protocol/evaluation signal (ordinary software issue or feature request),False,False,False,,,,
openai/gym,3212,PR,Update setup.py,C2,REJECTED_NONSCIENTIFIC,B,no strong protocol/evaluation signal (ordinary software issue or feature request),False,False,False,,,,
openai/gym,3194,PR,change np.bool8 to np.bool_,C2,REJECTED_NONSCIENTIFIC,B,no strong protocol/evaluation signal (ordinary software issue or feature request),False,False,False,,,,
openai/gym,3184,PR,Update frozen_lake.py,C2,REJECTED_NONSCIENTIFIC,B,no strong protocol/evaluation signal (ordinary software issue or feature request),False,False,False,,,,
openai/gym,3183,PR,My change for ML,C2,REJECTED_NONSCIENTIFIC,B,no strong protocol/evaluation signal (ordinary software issue or feature request),False,False,False,,,,
openai/gym,3178,PR,specified render_mode for standalone running,C2,REJECTED_NONSCIENTIFIC,B,no strong protocol/evaluation signal (ordinary software issue or feature request),False,False,False,,,,
openai/gym,3175,PR,Update error.py,C2,REJECTED_NONSCIENTIFIC,B,no strong protocol/evaluation signal (ordinary software issue or feature request),False,True,False,,,benchmark,
openai/gym,3152,PR,Fixed forward discounted return estimation.,C2,REJECTED_NONSCIENTIFIC,B,no strong protocol/evaluation signal (ordinary software issue or feature request),False,False,False,,,,
openai/gym,3147,PR,docs(montain_car): fix docstring,C2,REJECTED_NONSCIENTIFIC,B,no strong protocol/evaluation signal (ordinary software issue or feature request),False,False,False,,,,
openai/gym,3128,PR,Change seeding error message to report seed type,C2,REJECTED_NONSCIENTIFIC,B,no strong protocol/evaluation signal (ordinary software issue or feature request),False,False,False,,,,
openai/gym,3126,PR,adding specific syntax for 'pip install' in README to work more gener…,C2,REJECTED_NONSCIENTIFIC,B,no strong protocol/evaluation signal (ordinary software issue or feature request),False,False,False,,,,
openai/gym,3118,PR,Fixed Issue #3093,C2,REJECTED_NONSCIENTIFIC,B,no strong protocol/evaluation signal (ordinary software issue or feature request),False,False,False,,,,
openai/gym,3116,PR,Bump to V26.2,C2,REJECTED_NONSCIENTIFIC,B,no strong protocol/evaluation signal (ordinary software issue or feature request),False,False,False,,,,
openai/gym,3114,PR,Fix `render_modes` Assertion to be compatible with new mujoco,C2,REJECTED_NONSCIENTIFIC,B,no strong protocol/evaluation signal (ordinary software issue or feature request),False,False,False,,,,
openai/gym,3111,PR,Fix reset info being lost in vector environments,C2,REJECTED_NONSCIENTIFIC,B,no strong protocol/evaluation signal (ordinary software issue or feature request),False,True,False,,,table,
openai/gym,3105,PR,Update atari_preprocessing.py,C2,REJECTED_NONSCIENTIFIC,B,no strong protocol/evaluation signal (ordinary software issue or feature request),False,False,False,,,,
openai/gym,3101,PR,Feature/faster episode recorder,C2,REJECTED_NONSCIENTIFIC,B,no strong protocol/evaluation signal (ordinary software issue or feature request),False,True,False,,,benchmark; doi,
openai/gym,3100,PR,Clarified and fixed typo in GraphInstance docstring,C2,REJECTED_NONSCIENTIFIC,B,no strong protocol/evaluation signal (ordinary software issue or feature request),False,False,False,,,,
openai/gym,3094,PR,GitHub Workflows security hardening,C2,REJECTED_NONSCIENTIFIC,B,no strong protocol/evaluation signal (ordinary software issue or feature request),False,False,False,,,,
openai/gym,3090,PR,Bump version to v26.1,C2,REJECTED_NONSCIENTIFIC,B,no strong protocol/evaluation signal (ordinary software issue or feature request),False,False,True,,,,
openai/gym,3089,PR,Update blackjack.py,C2,REJECTED_NONSCIENTIFIC,B,no strong protocol/evaluation signal (ordinary software issue or feature request),False,False,False,,,,
openai/gym,3085,PR,Update the CarRacing main method to the new rendering API.,C2,REJECTED_NONSCIENTIFIC,B,no strong protocol/evaluation signal (ordinary software issue or feature request),False,False,False,,,,
openai/gym,3083,PR,fix: bipedal rgb_array shape,C2,REJECTED_NO_GOLD_CONFIRMATION,C,"protocol + paper, but no merged corrective PR / erratum / author confirmation recoverable",True,True,False,,,reproduce,reproduc
openai/gym,3081,PR,Correctly change color of visited road tiles in CarRacing,C2,REJECTED_NONSCIENTIFIC,B,no strong protocol/evaluation signal (ordinary software issue or feature request),False,False,False,,,,
openai/gym,3080,PR,fix truncarted typo in readme API example,C2,REJECTED_NONSCIENTIFIC,B,no strong protocol/evaluation signal (ordinary software issue or feature request),False,False,False,,,,
openai/gym,3076,PR,[BugFix] Raise exception in PixelObservationWrapper if env.render_mode,C2,REJECTED_NONSCIENTIFIC,B,no strong protocol/evaluation signal (ordinary software issue or feature request),False,False,False,,,,
openai/gym,3072,PR,Fix mujoco_py only installation,C2,REJECTED_NONSCIENTIFIC,B,no strong protocol/evaluation signal (ordinary software issue or feature request),False,False,False,,,,
openai/gym,3066,PR,Add a complete compatibility wrapper,C2,REJECTED_NONSCIENTIFIC,B,no strong protocol/evaluation signal (ordinary software issue or feature request),False,False,False,,,,
openai/gym,3064,PR,Fix lunar lander reward doc,C2,REJECTED_NONSCIENTIFIC,B,no strong protocol/evaluation signal (ordinary software issue or feature request),False,False,False,,,,
openai/gym,3063,PR,fix: restore auto human rendering,C2,REJECTED_NONSCIENTIFIC,B,no strong protocol/evaluation signal (ordinary software issue or feature request),False,False,False,,,,
openai/gym,3062,PR,fix: restore auto human rendering,C2,REJECTED_NONSCIENTIFIC,B,no strong protocol/evaluation signal (ordinary software issue or feature request),False,False,False,,,,
openai/gym,3061,PR,Fix pyright errors in envs and spaces folders,C2,REJECTED_NONSCIENTIFIC,B,no strong protocol/evaluation signal (ordinary software issue or feature request),False,False,False,,,,
openai/gym,3060,PR,environment agnostic {mode}_list render mode,C2,REJECTED_NONSCIENTIFIC,B,no strong protocol/evaluation signal (ordinary software issue or feature request),False,False,False,,,,
openai/gym,3059,PR,Correct the module scope of DeprecationWarning warning filter,C2,REJECTED_NONSCIENTIFIC,B,no strong protocol/evaluation signal (ordinary software issue or feature request),False,False,True,,,,
openai/gym,3056,PR,Release notes for v0.26.0,C2,REJECTED_NONSCIENTIFIC,B,no strong protocol/evaluation signal (ordinary software issue or feature request),False,True,True,,,table,
openai/gym,3055,PR,fix: test_record_video_within_vector,C2,REJECTED_NONSCIENTIFIC,B,no strong protocol/evaluation signal (ordinary software issue or feature request),False,False,False,,,,
openai/gym,3053,PR,Replace all references to gymlibrary.ml domain with new .dev address,C2,REJECTED_NONSCIENTIFIC,B,no strong protocol/evaluation signal (ordinary software issue or feature request),False,False,False,,,,
openai/gym,3048,PR,Add testing for Fundamental spaces with full coverage,C2,REJECTED_NONSCIENTIFIC,B,no strong protocol/evaluation signal (ordinary software issue or feature request),False,False,False,,,,
openai/gym,3047,PR,Update Composite spaces with full coverage,C2,REJECTED_NONSCIENTIFIC,B,no strong protocol/evaluation signal (ordinary software issue or feature request),False,False,False,,,,
openai/gym,3046,PR,Make moviepy an optional dependancy,C2,REJECTED_NONSCIENTIFIC,B,no strong protocol/evaluation signal (ordinary software issue or feature request),False,False,False,,,,
openai/gym,3044,PR,Set offwidth and offheight properly before make MjrContext to support ,C2,REJECTED_NONSCIENTIFIC,B,no strong protocol/evaluation signal (ordinary software issue or feature request),False,False,False,,,,
openai/gym,3041,PR,Updates the make and registration functions with better parameters and,C2,REJECTED_NONSCIENTIFIC,B,no strong protocol/evaluation signal (ordinary software issue or feature request),False,False,False,,,,
openai/gym,3037,PR,Fix toy_text rendering on headless machines,C2,REJECTED_NONSCIENTIFIC,B,no strong protocol/evaluation signal (ordinary software issue or feature request),False,False,False,,,,
openai/gym,3036,PR,Rename rotors in mujoco swimmer env,C2,REJECTED_NONSCIENTIFIC,B,no strong protocol/evaluation signal (ordinary software issue or feature request),False,False,False,,,,
openai/gym,3035,PR,Fixed typo in the contributing guidelines,C2,REJECTED_NONSCIENTIFIC,B,no strong protocol/evaluation signal (ordinary software issue or feature request),False,False,False,,,,
openai/gym,3033,PR,Updates to v0.25.2,C2,REJECTED_NONSCIENTIFIC,B,no strong protocol/evaluation signal (ordinary software issue or feature request),False,False,False,,,,
openai/gym,3029,PR,Corrected episode end description for mujoco/ant,C2,REJECTED_NONSCIENTIFIC,B,no strong protocol/evaluation signal (ordinary software issue or feature request),False,False,False,,,,
openai/gym,3028,PR,Add testing for step api compatibility functions and wrapper,C2,REJECTED_NONSCIENTIFIC,B,no strong protocol/evaluation signal (ordinary software issue or feature request),False,False,False,,,,
openai/gym,3027,PR,Remove old Render API,C2,REJECTED_NONSCIENTIFIC,B,no strong protocol/evaluation signal (ordinary software issue or feature request),False,False,False,,,,
openai/gym,3026,PR,Fix envpool bug with missing mask key,C2,REJECTED_NONSCIENTIFIC,B,no strong protocol/evaluation signal (ordinary software issue or feature request),False,False,False,,,,
openai/gym,3025,PR,Fix unpickling Box2D and MuJoCo envs,C2,REJECTED_NONSCIENTIFIC,B,no strong protocol/evaluation signal (ordinary software issue or feature request),False,False,False,,,,
openai/gym,3024,PR,Consider key order in `spaces.Dict.__eq__`,C2,REJECTED_NONSCIENTIFIC,B,no strong protocol/evaluation signal (ordinary software issue or feature request),False,False,False,,,,
openai/gym,3022,PR,removed inline RandomNumberGenerator implementation ,C2,REJECTED_NONSCIENTIFIC,B,no strong protocol/evaluation signal (ordinary software issue or feature request),False,False,False,,,,
openai/gym,3019,PR,Support only new step API (while retaining compatibility functions) ,C2,REJECTED_NONSCIENTIFIC,B,no strong protocol/evaluation signal (ordinary software issue or feature request),False,False,False,,,,
openai/gym,3013,PR,TimeAwareObservationV0 Wrapper,C2,REJECTED_NONSCIENTIFIC,B,no strong protocol/evaluation signal (ordinary software issue or feature request),False,False,False,,,,
openai/gym,3011,PR,Reduce memory consumption and hanging for Dict and Tuple spaces,C2,REJECTED_NONSCIENTIFIC,B,no strong protocol/evaluation signal (ordinary software issue or feature request),False,False,False,,,,
openai/gym,3009,PR,Add swig as a Box2D dependency,C2,REJECTED_NONSCIENTIFIC,B,no strong protocol/evaluation signal (ordinary software issue or feature request),False,False,False,,,,
openai/gym,3008,PR,Update Code of Conduct,C2,REJECTED_NONSCIENTIFIC,B,no strong protocol/evaluation signal (ordinary software issue or feature request),False,False,False,,,,
openai/gym,3007,PR,Add type annotations for metadata and render_mode,C2,REJECTED_NONSCIENTIFIC,B,no strong protocol/evaluation signal (ordinary software issue or feature request),False,False,False,,,,
openai/gym,3006,PR,Fix for pickling environments,C2,REJECTED_NONSCIENTIFIC,B,no strong protocol/evaluation signal (ordinary software issue or feature request),False,False,False,,,,
openai/gym,3002,PR,Lambda action and Lambda observation wrappers,C2,REJECTED_NONSCIENTIFIC,B,no strong protocol/evaluation signal (ordinary software issue or feature request),False,False,False,,,,
openai/gym,3001,PR,Avoid metaclass conflicts when inheriting from `gym.Env`,C2,REJECTED_NONSCIENTIFIC,B,no strong protocol/evaluation signal (ordinary software issue or feature request),False,False,False,,,,
